CHROM	POS	REF	ALT	QUAL	FILTER	strain_185	strain_188	strain_189	strain_191	strain_48
PEKT02000007.1	1095126	G	T	794.58	PASS	1:13,204:217:99:806,0	0:17,0:17:99:0,135	0:7,0:7:99:0,225	0:7,0:7:99:0,256	0:5,0:5:90:0,90
PEKT02000007.1	3118177	C	G	25870.6	PASS	1:0,638:638:99:25882,0	0:7,0:7:99:0,236	0:13,0:13:99:0,451	0:9,0:9:99:0,135	0:3,0:3:99:0,126
PEKT02000007.1	3118730	G	A	30695.6	PASS	0:5,0:5:99:0,180	0:7,0:7:99:0,236	1:1,868:869:99:30707,0	0:9,0:9:99:0,135	0:3,0:3:99:0,126
PEKT02000010.1	474991	T	A	629.58	PASS	0:62,0:62:90:0,90	1:8,72:80:99:641,0	0:44,0:44:90:0,90	0:4,0:4:99:0,135	0:49,0:49:45:0,45
PEKT02000010.1	804659	T	A	1698.83	PASS	.:60,0:60:0:0,0	.:48,0:48:0:0,0	1:0,51:51:99:1708,0	.:54,0:54:0:0,0	0:7,0:7:23:0,23
PEKT02000002.1	63940	A	G	551.58	PASS	0:3,0:3:99:0,129	0:3,0:3:99:0,130	0:3,0:3:99:0,118	0:4,0:4:99:0,116	1:4,205:209:99:563,0
PEKT02000002.1	63976	A	G	3282.23	PASS	0:36,35:71:61:0,61	1:5,204:209:99:1933,0	1:6,38:44:99:1365,0	0:94,0:94:55:0,55	0:89,0:89:5:0,5
PEKT02000001.1	74484	A	T	1390.36	PASS	.:7,15:22:99:149,0	.:4,10:14:99:202,0	1:4,40:44:99:1055,0	0:17,0:37:99:186,741	0:0,0:6:98:98,116
PEKT02000001.1	743893	G	A	1182.58	PASS	0:5,0:5:99:0,108	0:4,0:4:99:0,108	1:0,34:34:99:1194,0	0:11,0:11:99:0,336	0:3,0:3:99:0,110
PEKT02000001.1	790465	A	T	2619.18	PASS	.:5,13:18:99:313,0	.:5,13:21:99:253,0	1:6,27:40:99:654,0	1:12,57:76:99:1415,0	0:1,0:1:3:0,3
