"expression (reads/kbp)","strain_185","strain_188","strain_189","strain_191","strain_48"
0.394011032308905,,,5.45996440067134
0.443262411347518,4.84785030711921,,,4.48120175471544
0.666666666666667,,5.60107301667859
0.788022064617809,,,,,42.0306417081113
3.78787878787879,,,,7.8090541038147
4.1025641025641,,8.75139106511093
4.16666666666667,,,9.57453274079526
4.41235459286001,,,,,47.3185955995329
4.41919191919192,8.65898194977792
8.78638110928062,,,,,49.4567967433594
9.0702947845805,,,11.4508659465315
9.42028985507246,,10.6719108854344
11.3378684807256,,,,10.2786485275514
11.3636363636364,10.9002255072946
11.9047619047619,,11.2761105201272
11.9904076738609,,,,,50.4230467531759
13.5135135135135,11.3630152086823
13.6054421768708,,,12.5507010421398
13.6986301369863,,11.6525657317813,,,50.8369261177389
13.8888888888889,11.437744379135,,12.6089802728398,10.8056450317345
16.5289256198347,11.922431701186
16.7992926613616,,12.2192553063999
16.9491525423729,,,,11.3456766933455
17.6518883415435,,,,,51.6244494577041
19.2837465564738,,,13.5680621373574
20.8333333333333,,,,11.9299344731715
21.2765957446808,12.6571849325668
22.7272727272727,,13.1021202678505,14.0709366044134
24.8385494287134,,,,12.4482060743588
25.3505933117584,,,,,52.7472119151488
25.7452574525745,,13.4818568929197
27.2614622057001,13.4157875761109
27.3972602739726,,,,12.7454915736826
27.7200277200277,,,14.6994515583303
27.7777777777778,,13.7178054059551,,,53.0304376037062
28.9855072463768,13.6092984480314
29.8895386614685,,,14.9439495755116
31.25,,,,13.1539508823756
33.8753387533875,14.1118375729622
34.2342342342342,,,,,53.6770408422268
34.2771982116244,,,15.3969550712976
34.3137254901961,,14.3922463099004
36.7107195301028,,,,13.6689672485613
39.7085610200364,14.6398715990427
39.9419026870007,,,,,54.15334754009
40.2858999350227,,14.9226234157454
41.0958904109589,,,16.0142081666417
41.6666666666667,,15.0360434055271
42.1940928270042,14.8459337666486
42.8571428571429,,,,14.1799050360012
44.0024110910187,,,,,54.452027512964
46.4684014869888,,15.4079999225262
48.7380330722367,,,,,54.7670087284846
49.7630331753555,,,16.6868098257693
50.8826583592939,,15.7231829640235
51.0057471264368,15.5050828770255
52.5542080117604,,,,14.8773628209448
54.7945205479452,,,17.033803601411
55.2104899930987,,,,,55.1507381901791
55.5555555555556,15.8097666446646,16.0333121379629
56.2248995983936,,,17.1276074840874
57.0409982174688,,,,,55.2510150394673
58.076225045372,,,,15.2292042169719
65.2094717668488,,16.6115697437819
65.2304009575105,,,,,55.6629972884779
65.4044750430293,16.4052295471257
66.3956639566396,,,17.7427234153073
66.6666666666667,,,,15.7261800224198
69.7674418604651,,16.8603719840391
70.2479338842975,,,,,55.8902398413794
71.4285714285714,16.7341142412183,,,15.9796440472143
74.5473908413206,,,18.1812812957531
76,,17.1797238749075
76.0233918128655,,,,,56.1322515187254
76.5217391304348,16.9948690658275
76.6008378216637,,,,16.2398418755014
82.1917808219178,,,18.5574903640752
82.5396825396825,,17.4923294648451
83.3333333333334,17.3221630677792
84.5070422535211,,,,16.611188240807,56.4558443369237
88.7198986058302,,,18.8562064939937
91.2698412698412,,17.8791177686064
91.4760914760915,17.685670012808
92.5925925925926,,,,,56.7348910723467
94.5945945945946,,,,17.0458465263586
96.0648148148148,17.8788970970301
97.2222222222222,,,19.2187243221152
103.333333333333,,,,17.3927093754642
103.359173126615,,18.3668707430549
104.651162790698,,,,,57.108086642431
106.61609776654,,,19.5894444843839
107.049608355091,18.3121814920001
108.556832694764,,18.5620740464394
111.111111111111,,,,,57.2903888087247
112.676056338028,18.5199992586258
113.695090439276,,,19.851010557168
114.556416881998,,,,17.8044823619009
121.621621621622,,,,,57.5650999820338
121.845082680592,,,20.1356236532683
123.287671232877,,19.0757853997951
125,,,,18.1588451064991
126.126126126126,18.9838981236904
131.607335490831,,19.3436086586822
133.333333333333,,,,,57.844053797526
138.888888888889,,19.5666118619406,,,57.9677553842639
138.911022576361,19.3881218237783
138.971315529179,,,20.6846828261797
139.865996649916,,,,18.6233090836764
144.641683103222,,,20.8538202580482
148.042024832856,,,,18.8615917656964
150.492264416315,19.7283119677835
150.684931506849,,19.9078713143332
151.639344262295,,,,,58.2335650461602
155.844155844156,,,,19.0790191107104
159.754224270353,,,21.2785150127998
160.522273425499,,,,,58.4055962418185
164.383561643836,20.1085878762038
164.414414414414,,20.2778482522569
172.540381791483,,,,,58.6234800481517
172.640382317802,,,,19.5180223290471
175.675675675676,,,21.6903855505987
176.656151419558,,20.5863839420632
178.082191780822,20.4580558645312
180.628272251309,,,,,58.761552635815
181.872929840409,,,,19.7443926819837
185.897435897436,,20.8075522682276
190.70385126162,,,,19.9521257028399
191.780821917808,20.7856167192977
193.660227835562,,,22.1188907390043
194.605009633911,,,,,58.9858957435359
199.421965317919,20.9598580671748
202.479338842975,,21.1820758000387
203.389830508474,,,22.3366811734656
205.45073375262,,,,20.2817710226165
214.985994397759,,21.4477182805923
215.024913760061,,,,,59.285661094649
215.538847117794,21.3096448252005
223.684210526316,,,,20.6630259046588
224.400871459695,21.4926594450093
225.308641975309,,,,,59.4257735469634
227.224008574491,,,22.8346252118077
230.343300110742,,21.7565175662463
237.894467867638,,,23.0431150369417
239.662447257384,,,,,59.6107664856254
239.864864864865,,,,20.9801230257875
242.081447963801,21.840222308301
244.791666666667,,22.0314436118254
246.927803379416,,,,,59.700123351203
253.937007874016,22.0614090593662
254.786450662739,,,23.3572495138719
255.605381165919,,,,,59.8033856134017
255.613126079447,,,,21.2719345048433
256.983240223464,,22.2528709562209
263.537906137184,22.2341949265066
264.206209724663,,,23.5246979031658
264.669163545568,,,,21.4329530875768
264.790764790765,,,,,59.9088493906235
273.972602739726,,22.5469377296828
275.670207384927,,,23.7216629133307
275.720164609054,22.4458943600032
282.321899736148,,22.6857807511369
285.111512959614,,,,,60.1294264243361
286.680189317106,,,,21.8057644163501
292.844088289048,,,24.003863028418
294.349540078844,22.7547170892109
302.144249512671,,,,,60.3022355518419
304.093567251462,,23.0319556944941
309.859154929578,,,24.2696517446096
315.130830489192,,23.1994028647361
320.029563932003,23.1541591351711
320.92381937263,,,,22.3402722516781
324.324324324324,,,24.4858284563634
329.268292682927,,,,,60.5577957771151
330.645161290323,,23.4264554987507
336.81917211329,23.4007409735303
338.028169014085,,,,22.5893588167665
342.712842712843,,,,22.6557119765931
343.994314143568,,,24.7667242028394
344.431903686983,,,,,60.6914092075332
349.420849420849,,23.6892982768478
350.16835016835,23.5893926585447
354.758345789736,,,,22.8228508931813
357.786357786358,,,,,60.804172568811
358.558558558559,,,24.9658370059963
364.848484848485,,23.896321934389
365.31007751938,23.7960536710495
372.898120672601,,,,23.065664545883
373.333333333333,,,,,60.9301272548222
385.647216633132,24.062346535275
385.897435897436,,,,,61.0280407981671
386.803185437998,,,25.3326765473829
387.782204515272,,24.1905337233356
399.29693961952,,24.332627947112
404.761904761905,,,,,61.1690674453023
405.405405405406,,,25.5617056979425
405.932864949258,24.3161955730146
408.450704225352,,,,23.5137232540896
415.251953651307,,24.5237719232689
417.43400859423,,,,,61.2600584280315
418.969380134428,,,25.7229810024868
419.879062736206,24.4844498770832
421.794871794872,,,,23.6733280057676
429.803287523579,,,,,61.3461768063109
435.227854582693,24.664144648899
435.443037974683,,24.7567553700211
436.25730994152,,,25.922036385112
436.619718309859,,,,23.8456574714664
445.945945945946,,24.8742691747621
446.141793967881,,,,,61.4561036606164
449.475065616798,,,26.0696174002298
452.196382428941,24.8565440197163
458.333333333333,,25.0098217577417
462.270564242012,,,,,61.5606313753284
463.414634146341,24.9803453912046
472.041612483745,,,26.3130031582107
473.780209758322,,,,24.2565617568477
478.94469812278,,,,,61.6648210110271
478.968253968254,,25.2287209313859
479.452054794521,25.1529021522561
489.285714285714,,,26.4921907095846
491.470723835869,,,,,61.7406646265876
493.670886075949,,,,24.4652611931591
500,25.3668302845923,,,,61.7911783945053
501.691386937289,,25.460485764871
507.707129094412,,,26.6775794668245
511.111111111111,25.4793540714316
511.845178511845,,,,,61.8598781878651
513.793103448276,,,,24.6691624714718
524.752475247525,,25.6865380617089
525.568181818182,,,,24.7853154898786
526.112185686654,,,,,61.94048331958
529.505582137161,,,26.8894549143488
530.448717948718,25.6702229111462
539.315658282348,25.7557289227493
539.58186516326,,,,,62.0145443363436
548.780487804878,,,,,62.064035537853
549.019607843137,,,,25.0101218025976
550.86285195277,,25.932258481899
554.054054054054,,,27.1190474530908
558.922558922559,,,,,62.1176219147533
561.472715318869,25.9641692210756
570.532915360502,,26.1107442009698
572.916666666666,,,,,62.1899388183194
575.207860922147,,,,25.2515790228539
577.167019027484,26.1075237518524
581.008321096427,,26.203614684315
583.16361167685,,,,,62.2417466871928
586.538461538462,,,27.4094391991357
590.631364562118,,26.2876473527343
600.795002839296,,,,,62.3287319697077
608.815426997245,26.3865656821785
610.01100110011,,,27.6105504686871
610.262436349393,,,,25.5603368909285
611.688311688312,,,,,62.3811694425959
617.476851851852,,26.5158973789976
622.5614927905,,,,25.6650353962677
623.601789709172,26.5126218040929
626.794258373206,,26.5930883822002
627.394636015326,,,27.7551252056812
630.630630630631,,,,,62.4701009032895
638.888888888889,26.6402320805478
640.30131826742,,,,25.8129376955339
644.808743169399,,,27.8964390311713
645.113102859582,,,,,62.5362557483522
645.524066576698,,26.7452621178049
652.155887230514,,,,25.9098054610368
652.946468735942,,,,,62.5714026959926
653.35463258786,26.758552310029
659.52380952381,,26.8564968048983
660.270078180526,,,28.0190992708632
664.302600472813,26.8465860345862
667.1875,,,,,62.6341998999957
671.354166666667,,26.9488907263318
671.455938697318,,,,26.0642932332656
677.64857881137,,,,,62.6794544989272
680.790960451978,,,28.178022091766
681.135225375626,26.9794933549309
687.597417056335,,27.0734466433984
689.189189189189,,,,26.2028778739233
691.87675070028,27.0628110310985
696.170747018205,,27.1381493304027
697.632058287796,,,,,62.7639340153058
704.223081882656,27.1571879838208
706.597222222222,,,,26.3359393543816
708.835341365462,,,28.3884673992747
709.542230818827,,27.2376785425748
714.600550964188,27.2353993397854
716.64464993395,,,,,62.8420227969968
722.222222222223,,27.3305480400824
727.987421383648,,,28.5279722752093
728.102189781022,,,,26.4964351243536
728.85032537961,,,,,62.8910354034943
729.365662503061,27.3449790143518
740.959894806049,,27.46519049493
741.306191687871,,,,26.5929461755547
745.389113810167,,,28.6519244756078
752.059925093633,,,,,62.9819410052469
752.314814814814,27.5114917313074
757.157464212679,,27.5791850273281
758.483033932136,,,28.7435052551612
761.904761904762,,,,26.7405563558441
766.045548654244,,,,,63.0353309912211
766.290726817043,,27.642518326712
768.02374893978,27.6229174492756
774.068698597,,,,26.8260975969798
776.33209417596,,,,,63.0739614110653
778.268876611418,,,28.8792530900988
783.027121609798,27.727483347908
783.617424242424,,27.7608599030434
785.340314136126,,,,,63.107359564222
791.666666666667,,,,,63.1305790343629
792.207792207792,,,,26.9515049813427
792.383292383292,,,28.9742225782038
795.508274231679,27.8131361722134
797.979797979798,,27.8572175683736
810.650887573964,,,,27.0764696609809
812.006319115324,,,29.1037801400322
812.865497076024,,,,,63.2070108914346
815.575524176294,27.948400545547
817.910447761194,,27.9884265688501
827.233372687918,,,,,63.2576523423023
829.099307159354,,,,27.1990095112106
830.328738069989,28.0459878562749
830.544830544831,,,29.2236352620327
834.739803094233,,28.0970370258652
838.996763754046,,,,,63.2984420725119
844.799344799345,28.1402322651414
847.732538894406,,,,27.3203802249231
848.017621145375,,,29.3344325410554
848.101265822785,,28.1818967485787
854.312354312354,,,,,63.3506725601394
860.37527593819,,,29.4115688518002
861.592806679512,,,,27.4091565199119
862.554112554113,,28.2723665219547
863.930885529158,28.2626705542933
866.389274156264,,,,,63.3911805756007
874.68671679198,28.3304588979315
875.444839857651,,28.3519329003975
877.719756309835,,,29.5181783672556
878.552971576227,,,,,63.4313941351719
881.459710996816,,,,27.5342494663268
882.716049382716,28.380585411946
890.952380952381,,,,,63.4717990710913
891.093474426807,,28.4471394994695
893.023255813953,,,29.6106889554715
899.762752075919,28.4856851600961
907.26429675425,,,,27.6930914356264
911.027568922306,,28.5662960081405
912.437810945274,,,,,63.5404549368261
913.564398801883,,,29.7326553652816
923.039215686275,,,,,63.5737181044722
923.58803986711,28.6296665739706
924.689773213522,,28.6466340749289
930.011862396204,,,,27.8298628175192
931.818181818182,28.6786403304779
934.712643678161,,,29.8556863020627
940.298507462687,,,,,63.6270353369308
942.307692307692,,28.7486925924972
949.777777777778,,,,,63.6558898015538
951.298701298701,28.793051780649
951.739618406286,,,,27.9577872971502
956.592160673794,,28.8302049060578
959.52380952381,,,29.9968845377871
963.44982366143,,,,,63.6969866655071
964.683509915784,28.87046604389
967.344423906346,,28.8908511593693
969.569288389513,,,,28.0608588622482
974.489795918367,,,30.080478947894
976.190476190476,,,,,63.73474460694
980.610561056105,28.9613536930619
981.481481481482,,28.9696837969004
984.340044742729,,,,,63.7586302028941
991.735537190083,,,30.1753899349704
992.194674012856,,,,28.189281257303
996.8,29.052407419228
1001.01936799184,,,,,63.8068844332946
1002.63713080169,,,30.234624500991
1007.90960451977,,29.1143858676787
1008.82470918572,29.1191926214912
1009.54400848356,,,,28.2860228002023
1009.95024875622,,,,,63.8323812616285
1011.81434599156,,,30.2840426635458
1019.54022988506,,,,,63.8595013792932
1024.05498281787,,29.2011345649417
1024.48453608247,,,,28.3681666990307
1026.31578947368,,,30.3613159878475
1027.08803611738,29.2192882551081
1028.53437094682,,,,,63.8846977437805
1038.16483962647,,,,,63.9114252690047
1038.46153846154,,,30.425284901787
1038.77887788779,,29.2791908329311
1039.62703962704,,,,28.4503513352908
1043.81846635368,29.3096053443876
1049.77375565611,,29.3368384016791
1052.13464696223,,,,,63.9497433175905
1054.98127340824,,,,28.5326148955497
1056.49122807018,,,30.5190131443657
1062.43032329989,29.4085804525271
1067.32580037665,,29.4277608262239
1068.45637583893,,,,28.6039453877791
1070.43517272319,,,,,63.9991512582204
1071.63742690058,,,30.5966455108925
1078.72078720787,,29.4860779282005
1080.60453400504,,,30.6421424836412
1081.56028368794,,,,,64.0287615637304
1081.76100628931,29.5097598839335
1083.80308154829,,,,28.6842229930827
1091.66666666667,,,,,64.0553884919378
1093.72797744891,29.5715937754322
1095.87813620072,,29.5728576979716
1099.21484653819,,,,,64.0751095169276
1099.64726631393,,,30.7376438177648
1100.52083333333,,,,28.770538656457
1106.88758934373,29.6388990287992
1107.99319727891,,,,,64.0978690603563
1108.40707964602,,29.6354652173361
1114.4191476941,,,,,64.1144115544911
1117.84511784512,,29.6822117181929
1121.5390147429,,,,,64.1326255038606
1122.03389830509,29.7154893033394
1125.61403508772,,,30.865496351747
1132.11382113821,,29.7522198019752
1132.14990138067,,,,28.930722270001
1136.17245005258,,,,,64.1696876710262
1139.66175668303,29.8034772296949
1143.02600472813,,,30.9497464599013
1143.3831492311,,,,,64.1877689023389
1147.57709251101,,,,,64.1982312309472
1147.99154334038,,29.8292021394412
1157.30337078652,29.8903281447864
1158.27793605571,,,,,64.2247475204165
1159.38697318008,,,,29.0655238372343
1163.11111111111,,29.9016294730858
1165.66063044936,,,,,64.2428941206014
1168.5520361991,,,31.0711880919953
1169.95614035088,29.9518948524761
1171.41049968374,,,,29.1241412457764
1173.36581404791,,29.9502752359781
1173.38995046001,,,,,64.2617656516194
1175.13134851138,29.97690578911
1180.31658637302,,,,29.1672181351876
1182.77571251549,,,,,64.2845091698908
1184.17639429313,30.0203840722006
1190.43647484014,,30.0304174764555
1193.515704154,,,,,64.3103060785862
1194.27148194272,,,,29.2341398415513
1196.37804187889,,30.05807055391
1198.0056980057,,,31.2083748367574
1200.4662004662,,,,29.2636253723975
1200.74349442379,30.0992571303903
1204.53190220632,,,,,64.3365178653636
1208.70299957752,,30.1150434292278
1209.77011494253,,,31.2623201146591
1211.00917431193,30.1476442451314
1215.37290715373,,,,29.3340294327524
1216.58615136876,,,,,64.3649166152367
1218.02518223989,,30.1577915041353
1225.65771630052,30.2160596014711
1225.69444444444,,,,,64.386182322423
1227.14681440443,,30.199337386373
1228.9156626506,,,31.3491059780482
1233.46473937801,,,,29.4184559936345
1235.70019723866,30.262541859255
1239.651416122,,,,,64.4184530267971
1241.78663713547,,30.2654422250075
1244.97428705002,,,31.4209613894567
1249.52380952381,,30.30009731529
1251.09170305677,,,,,64.4446253250351
1253.73134328358,30.3451595766063
1258.13382443217,,,31.4792223745108
1261.49425287356,,,,29.5471135659433
1261.69590643275,,,,,64.4686644255636
1261.90476190476,,30.3551541454272
1262.50753465943,30.3849880303349
1269.05574516496,,,31.5271595931232
1272.01051248357,,30.399735725773
1272.80818869604,30.4314203037309
1273.08676436381,,,,,64.4942547534464
1279.0202342918,,30.4304730442122
1280,,,,29.6306732212439
1280.99838969404,,,,,64.5118895378474
1281.9209039548,,,31.5831492011366
1288.00557880056,30.4993155896875
1291.96499602227,,30.4868403669202
1293.60967184801,,,31.6335797920411
1294.78943611706,,,,,64.5423612762217
1295.7264957265,,,,29.7008448451914
1295.78189300412,30.5337800222865
1303.4188034188,,,,,64.5612575575207
1304.81533426835,,,,29.7410550819276
1305.61797752809,,,31.6849610879317
1306.09597924773,,30.547797662425
1309.8878695209,30.5958276594359
1314.61675579323,,,31.7231853394165
1315.54947560419,,,,29.7882251124553
1317.07317073171,,30.5947433442286
1318.53785900783,,,,,64.5940543055991
1319.59219858156,,,31.7442179515767
1327.12215320911,30.6708289219043
1329.67702620353,,,,,64.6179693806489
1329.93197278912,,,31.7876982468554
1330.67198935462,,,,29.8541022836269
1332.22129552405,,30.6589533218148
1335.72796934866,30.7079542975658
1338.59303090072,,,,29.8883430044837
1338.63485752154,,,31.8240583486554
1339.75694444444,,,,,64.6394320425247
1346.22467771639,30.7529479795489
1346.78624813154,,30.7200762007298
1351.49355057705,,,,,64.6642123227554
1356.19047619048,30.7953759699331
1356.87167805619,,30.762053537801
1357.33333333333,,,,29.9686407706907
1358.89570552147,,,,,64.6797265574852
1364.14565826331,,,,,64.6906769735977
1365.02905441099,,,31.9330355758354
1368.64633493847,,30.8107085477804
1371.05751391466,,,,,64.7050273814927
1371.22460186711,,,,30.0275275249573
1373.86018237082,30.8699199463473
1377.19979296066,,30.8458176859845
1380.14369693011,,,,,64.7237784655977
1380.28169014085,,,31.9951428397208
1383.31495773613,30.9094548735865
1384.44735692442,,,,30.0830892117448
1386.60578386606,,,,,64.7370365198902
1392.21871713985,,30.9069939522472
1392.46605343846,,,32.0443105340258
1395.1048951049,30.9584160791492
1395.55555555556,,,,,64.7552930744425
1401.3201320132,30.9840774572676
1402.24358974359,,,,,64.768856866459
1402.37859266601,,,,30.1576858130896
1404.72537588217,,30.9574859563214
1407.96019900498,,,32.1062732327771
1410.35856573705,,,,30.1906108650117
1411.80105035527,31.0271204918719
1416.66666666667,,,,,64.7978809852532
1417.04718417047,,,32.1423256004192
1419.3302891933,31.0578649080142
1422.4537037037,,31.0283705322194
1429.84807864164,,,,,64.8241397588827
1430.26004728132,,,,30.2720060488713
1430.45563549161,,31.0601052821583
1432.31162196679,,,32.2024168926322
1434.76318141197,31.120427644254
1438.13682678312,,31.0904180916968
1440.64577397911,,,,30.314082647045
1442.27853584579,,,32.241340309882
1444,,,,,64.8520539463581
1450.4132231405,,,,,64.8646105427562
1450.86119554205,,,,30.3552062703058
1453.53159851301,31.1957028045761
1455.84045584046,,31.1597318650367
1455.86975149957,,,32.2940255095946
1456.29202689721,,,,30.3769638358669
1461.00628930818,,,,,64.8852253955363
1466.14397719173,,,,30.4162496825615
1466.34615384615,31.246598546913
1468,,,32.3406711758275
1468.57344632768,,31.2091167742534
1471.13884555382,,,,30.436077441676
1472.14611872146,,,,,64.9067377474198
1475,31.2807435073363
1478.07807807808,,,,30.4635241416096
1479.07647907648,,31.249563385185
1482.49027237354,,,32.3959348932864
1483.00438596491,,,,,64.9275445091642
1486.91325978802,31.3274555273769
1489.6694214876,,31.2900949941245
1493.1906614786,,,,,64.946920456676
1496.72033392964,,,,30.5366942613823
1498.37133550489,31.372066363931
1499.40898345154,,,32.4598419959056
1500,,,,,64.9597966228228
1500.66269052353,,31.3318846625632
1506.5445026178,,,,30.5749269823026
1508.38264299803,,,32.4934724292225
1510.29450091217,31.4181633999407
1517.58793969849,,,,,64.9927761382946
1518.83439943141,,31.4003611022652
1520.09456264775,31.4558076586914
1520.5047318612,,,,30.6288747944609
1530.61224489796,,31.4443500680589
1531.47077713552,31.4992333457094
1532.31292517007,,,,,65.0200837891911
1533.67003367003,,,32.5872713033787
1535.98484848485,,,,30.6881811277445
1543.63376251788,,,32.6238436503665
1544.67629748529,,,,,65.0428023944173
1545.34746760895,31.5518125496075
1550.68728522337,,31.5186292683269
1552.38917674151,,,,,65.0568800293354
1556.63145539906,,,32.6712305091513
1558.58930602958,,,,,65.0681440665937
1558.98314767209,,,,30.7753117085145
1560.7911576498,31.6098316601636
1562.72893772894,,31.5627690646048
1569.83240223464,,,,,65.0884517951743
1573.4649122807,,31.60186468503
1573.52941176471,,,,30.829829770051
1574.07407407407,,,32.7342593792896
1574.16836388323,31.6596709597663
1575.75757575758,,,,,65.0990934481635
1582.40740740741,,31.6342458563222
1585.62091503268,,,,,65.1167163293477
1585.88807785888,31.703022356907
1585.94917787743,,,,30.8760223415808
1587.23404255319,,,32.7813930648028
1593.11827956989,,,,,65.1300359894305
1595.38152610442,,31.680933164944
1595.60266980762,,,,30.9117033696677
1600,,,32.8267764211967
1602.53699788583,,,,,65.1466772052815
1605.60344827586,31.7753026256493
1605.86319218241,,31.718401639609
1608.53333333333,,,32.856928941384
1613.97479954181,,,,,65.1667498584778
1614.78090255069,,,,30.9820200758946
1617.63609246831,,,32.8889331597821
1618.13333333333,,31.761983642595
1622.64150943396,,,,,65.1818613571161
1622.91963861151,31.8381300138811
1626.73611111111,,,,31.025476327695
1629.91785559879,,31.8035605657442
1631.6384180791,,,32.9378444317622
1634.40860215054,,,,,65.2022452414013
1642.26579520697,,31.8468347973517
1643.8127090301,31.9131352937848
1644.78274659055,,,32.9834114362915
1645.02507257852,,,,31.0914050103426
1645.80826313678,,,,,65.2218479052983
1646.05263157895,,31.8600471049677
1652.2633744856,31.9432287592985
1655.18561040949,,,,,65.237867687503
1657.37051792829,,31.8993721434647
1660.22544283414,,,,31.1457020587853
1661.23188405797,,,,,65.2481469630762
1661.91607284244,,,33.0423106562352
1669.44444444444,32.0039859501356
1669.85645933014,,31.9424749438047
1670.18284106892,,,,,65.263293417285
1671.11111111111,,,33.0736922601329
1680.81863705639,,,,31.2185564373282
1681.90298507463,,,33.1103232093155
1682.65387689848,32.05031564445
1683.61581920904,,,,,65.2858667919382
1685.60606060606,,31.9964303516175
1691.51138716356,,32.0165434605094
1692.35709698137,,,,31.259028007663
1695.91527987897,32.0964983971813
1697.76939993717,,,33.1637908290965
1699.53051643193,,,,,65.3123698432139
1702.3346303502,,32.0532422324156
1703.97111913357,32.124393792887
1707.51633986928,,,,31.3118251352355
1708.46560846561,,,,,65.3271369326984
1710.3825136612,,,33.2059706197697
1718.62348178138,,32.108077275427
1719.23314780458,,,,31.3523455198375
1720.35794183445,,,,,65.3466675894696
1722.7626459144,32.1890038956661
1723.5047927636,,,33.2495525464761
1726.48563557654,,32.1343763779238
1728.15533980582,,,,,65.3593972485519
1731.72514619883,32.2195952380297
1735.11904761905,,,,,65.3707155592556
1739.0350877193,,,,31.4202668976733
1740.49945711183,,,33.3055470007432
1742.58474576271,,,,,65.3827975051463
1743.7037037037,,32.1915944657026
1749.05303030303,32.2783361194563
1750.99715099715,,,,,65.3963473030886
1755.89066918002,,32.2317849676837
1759.5850248083,,,33.367837847763
1761.90476190476,32.3215640877561
1762.48976248976,,,,31.4998248291694
1764.30976430976,,,,,65.4176523187443
1773.33333333333,,32.2888702878922
1774.3119266055,32.3630269777879
1774.77477477478,,,,31.5411167431522
1774.89177489177,,,,,65.4344686436142
1778.49185946872,,,33.428939078505
1779.81029810298,,32.3099382133614
1783.57030015798,,,,,65.4481825403777
1784.42028985507,,,33.4479756493805
1785.02415458937,,,,31.5753705666843
1785.34798534799,32.3996879861366
1788.79706152434,,32.3390550529474
1797.12230215827,,,,31.6155763616679
1797.26775956284,32.4390549782469
1797.61904761905,,,33.4901507308616
1799.92091735864,,,,,65.4738327205424
1801.66435506241,,32.3805146326486
1806.51731160896,,,,,65.4841124437852
1806.65280665281,32.4698846848311
1808.17610062893,,,33.5236810667404
1808.57354028086,,,,31.6534088137099
1809.02777777778,,32.4041196029443
1812.29418221734,,,,,65.4930830668454
1814.10256410256,32.4942539488883
1814.64600425403,,32.422071447674
1818.22797664382,,,,,65.5022665049077
1818.22836661546,,32.4334918188167
1821.3141025641,,,33.5651594093931
1824.1134751773,32.5268588203637
1825.19001085776,,,,31.7079249158434
1830.89826839827,,,,,65.5217719327949
1831.11111111111,,32.4743932860605
1834.58177278402,,,33.6067700609818
1837.08467309753,32.5688649688737
1841.83006535948,,,,31.7620729564637
1843.97163120567,,32.5149645865567
1844.62151394422,32.5931491592152
1847.05075445816,,,,,65.5464357704279
1851.06382978723,,,33.6580796938366
1853.83806519453,,,,31.8008752468962
1857.14285714286,,32.5562507507525
1858.15602836879,,,33.6800294673389
1861.52819486153,,,,,65.5683522806342
1862.60733801717,32.6507393660314
1865.10263929619,,,33.701454382349
1866.41541038526,,32.5851571075367
1867.53059755219,,,,31.8448458858882
1869.8315467075,32.673729354518
1870.31082529475,,,,,65.5815616558265
1875.90486039297,,32.6146049314356
1882.35294117647,,,,,65.5995690473745
1883.68794326241,,,,31.896360077548
1884.03614457831,32.7186995756785
1884.3201754386,,32.6406065251522
1885.5808523059,,,33.7641910030176
1892.68292682927,,,,31.9248665124452
1893.7265917603,32.7492024293328
1894.01709401709,,32.6704375455844
1898.45474613687,,,,,65.6234610723917
1901.00380754586,,,,31.9511282048714
1901.51515151515,32.7736162381419
1901.56143923965,,32.6935507122148
1904.14878397711,,,33.8205378299783
1907.74907749077,32.7930916744623
1909.24092409241,,,,,65.639348268403
1912.33283803863,,,,31.9867180414404
1915.0982852363,,32.7348146776565
1915.30944625407,32.8166337478733
1916.05661298194,,,,,65.6493392421875
1920.84942084942,,,33.8707894368758
1923.11661506708,,,,32.0204189861974
1930.27888446215,32.8629990933188
1930.94289508632,,32.7827779674664
1931.28205128205,,,33.9019779020482
1932.97101449275,,,,,65.6739750510244
1935.31633616619,,,,32.0583403182994
1939.39393939394,,,33.9261218704112
1939.69849246231,,32.8091288269291
1941.63424124514,,,,32.0778941610576
1946.93290160101,,,,,65.6941423705145
1947.00460829493,32.9144198508225
1948.28660436137,,,33.9524835012778
1958.48746403617,,,,,65.7107191065418
1959.67741935484,,32.868854811313
1960.74074074074,32.9563505588394
1963.96396396396,,,,32.1465478880402
1965.61604584527,,,34.0035396425604
1966.80216802168,,32.8900200010565
1971.27937336815,32.988340207262
1972.95321637427,,,,32.1739872247571
1973.78277153558,,,,,65.7325068820688
1976.75899395097,,32.9194817919075
1977.01149425287,,,34.0368883418967
1984.10404624277,33.0270602118129
1985.4797979798,,,34.0615566848094
1985.79234972678,,,,32.2129832927241
1986.98698698699,,32.9496057209121
1990.19607843137,,,,,65.755692926467
1995.40581929556,33.0609943235551
1996.5564738292,,,,32.2455021042981
1998.71794871795,,32.983983034532
2000,,,34.1036303918862
2005.34759358289,,,,,65.7769208114926
2010.38421599169,,,,32.2870448901008
2011.18568232662,33.1080831610465
2012.48164464023,,33.0240838927387
2018.50016518005,,,34.1568319182042
2019.65065502183,33.133205376207
2021.25279642058,,,,,65.7990260651137
2026.2996941896,,33.0640927633356
2027.67749699158,,,,32.3386378284312
2030.08932769158,,,34.1899315435179
2030.70175438596,33.1658590186444
2033.53353353353,,,,,65.8159706644962
2035.83701521846,,,,32.3628432327687
2036.81885125184,,33.0943838114013
2038.84372177055,,,,,65.8232645962389
2045.05971769815,,,,32.390097370569
2045.16445753559,,,34.2327285616632
2045.5671124319,33.2095291023042
2046.20004620005,,33.1212780377146
2050.68870523416,,,,,65.8394636546357
2052.63157894737,33.2301813785999
2056.84754521964,,,,32.4247706146373
2059.28237129485,,33.1585958491585
2060.11664423508,,,,,65.8522878346545
2060.53550640279,,,34.276068215027
2066.34692246203,,,34.2923764970638
2067.79661016949,,,,,65.8626893621977
2069.47890818859,,33.1875323792017
2072.21425155428,,,,,65.8686543133527
2073.28605200946,33.2901940330796
2076.16341991342,,,34.3198285145619
2079.22182109908,,,,32.4900925165224
2081.08108108108,,33.2203003527076
2081.56028368794,33.3140827793081
2084.3253968254,,,,,65.884939923642
2087.38938053097,,,34.3510762323211
2090.11943539631,,33.2457121826439
2091.84914841849,,,,32.5266782837628
2093.29582747304,,,,,65.8969389945193
2097.42828882295,33.3596549541454
2098.63945578231,,33.2695751472777
2101.61662817552,,,34.390456820364
2106.06060606061,,,,32.5676158660738
2106.50887573965,,,,,65.9145160936713
2108.79190385832,,33.297895187944
2111.55115511551,,,,32.5833651195543
2113.13131313131,,,,,65.9232827426945
2120.20905923345,33.424534647472
2121.4953271028,,33.333156552951
2122.04424103738,,,,,65.93503651478
2123.00683371298,,,,32.6161060670969
2128.93982808023,,33.3537311569836
2129.14862914863,33.4498213010423
2129.97696610727,,,,,65.9454545739575
2131.02725366876,,,34.4710930708571
2137.6900945335,,33.3778308235995
2138.16925734024,,,,,65.9561712669572
2138.36477987421,,,,32.6597501508054
2141.99395770393,33.4859871113922
2145.90747330961,,,,,65.9662548307267
2150.14367816092,,,34.5229579893467
2151.09666937449,,33.4145807432453
2152.6268115942,,,,,65.9749800901
2154.66101694915,,,,32.7057517183234
2158.7982832618,,33.4355979118231
2160.72842438638,,,34.5514932685565
2162.22222222222,33.5425409242362
2164.50216450216,,,,32.7333794339526
2165.36964980545,,,,,65.9914495419627
2172.99578059072,33.5724649994225
2174.99114417287,,,34.5897410950518
2175.89175891759,,33.4820014447153
2180.03273322422,33.5919375651094
2180.91913903432,,,,,66.0114104664951
2180.97014925373,,,34.6057061225988
2182.53968253968,,,,32.783723574868
2186.9918699187,,33.5119569848457
2191.44800777454,,,34.6335869497173
2195.22326064382,33.6337780350683
2197.38167170191,,,,,66.0323828351922
2201.62601626016,33.6513346319283
2201.90023752969,,,,32.8373430688619
2204.13436692506,,,,,66.0409381885746
2204.40251572327,,33.5586641494425
2205.97127739985,,,34.6720299734559
2209.4298245614,33.6726701325794
2210.54354944335,,,,,66.0490331531455
2211.32897603486,,,,32.8633017794793
2217.80303030303,33.6954860761873
2218.10089020771,,,,,66.0585469727098
2218.1146025878,,33.595212762972
2218.69918699187,,,34.705529467597
2219.84296930764,,,,32.8866560839143
2226.26262626263,,,,,66.0687838694303
2229.37062937063,33.7268774558256
2230.08849557522,,33.626959963203
2236.45320197044,,,,32.9319861692447
2240.22038567493,,,,,66.0862003418722
2242.54215304799,33.7624410717543
2242.99373557534,,,34.7689833655453
2243.17912218268,,,,32.950254805028
2249.39172749392,,33.6778135672804
2251.94931773879,33.7877243105081
2255.30458590007,,,,32.9830643972628
2255.85585585586,,,,,66.1055767421591
2256.67828106852,,,34.804447097249
2261.5873015873,,33.7097371761923
2264.00759734093,,,34.8233597002056
2266.66666666667,,,,33.0136636330258
2267.34693877551,33.8289006235056
2275.86206896552,,,,,66.1301669183509
2278.57142857143,33.8587566318567
2279.13279132791,,,34.8622110264292
2279.38101212882,,,,33.0477402499957
2280.35043804756,,33.7585463770688
2288.3087400681,33.8845483455497
2289.36850519584,,,,33.0743877975599
2295.25862068966,,,34.9033716181386
2295.82267689685,,33.7985194415443
2295.89371980676,,,,,66.1545641238065
2299.66887417219,,,,33.1017599351318
2300.17583521728,33.9158461978611
2305.19480519481,,33.8226130344916
2309.09090909091,,,34.9384660494911
2309.13197805744,,,,,66.1705662250314
2312,33.9468845222727
2318.07511737089,,,,33.1503968658783
2321.9696969697,,33.8655146357108
2322.84644194757,,,,,66.1870436258136
2322.85527177472,33.9752521315023
2328.5600636436,,,,33.1779460433981
2329.76008167432,,,34.9905468235959
2332.94392523365,34.0015080090318
2337.12121212121,,,35.0089919781174
2338.43537414966,,,,33.2037906695954
2338.68092691622,,33.9079724468522
2339.78494623656,,,,,66.2072554612911
2342.3019431988,34.0257698256815
2347.38485558158,,,,,66.2162746202104
2347.39498828195,,,35.0346460548797
2350.97192224622,,33.9390230850366
2352.82651072125,,,,33.2412768534324
2354.97835497835,,,35.0535156607986
2355.03725299644,,,,,66.2253254278538
2359.02777777778,34.0689138293971
2362.24489795918,,33.9673715774402
2362.61261261261,,,,33.2666490980897
2365.07936507937,,,35.0785629574446
2365.91478696742,,,,,66.2381382202303
2366.03221083455,34.0868986422785
2372.66470009833,,,,33.2926118195534
2372.97297297297,,33.9942350386842
2375.09850275808,,,,,66.248908217739
2376.31327602674,34.1132086978483
2381.69934640523,,,35.1195610708545
2383.83838383838,,,,,66.2591175574071
2390.18691588785,,,,33.3376306745313
2394.69696969697,34.1599956765348
2398.52398523985,,,,33.358945504571
2398.52851011649,,34.0577817828948
2399.54725523486,,,,,66.2773700769149
2400,,,35.1644005370838
2405.20446096654,34.1865902121055
2413.24200913242,,,,,66.2931811919161
2413.47626339969,,,35.1972180226302
2415.22988505747,,34.0989774917947
2416.4193867458,,,,33.404471144599
2421.94092827004,34.2287317007688
2425.07645259939,,,35.225331573278
2425.20325203252,,,,33.4267051992977
2426.94063926941,,34.1277079727328
2431.16701607268,34.2518487033966
2431.77189409369,,,,,66.3144266641522
2432.97746144721,,,,33.446322614295
2439.61352657005,,,,,66.3233668229233
2441.4976599064,,,35.2649173328781
2445.74780058651,,34.1735836707362
2449.36708860759,,,,33.4874941756582
2450.14073180539,34.2991382816493
2450.59523809524,,,,,66.3358368175209
2461.32339235787,,,,33.5173713219984
2463.06641837368,34.3311623640267
2463.11858076564,,,,,66.3499865971437
2463.21413892314,,,35.3168919050366
2465.02057613169,,34.2202609733227
2476.01128880527,,,35.3473216079341
2476.19047619048,,34.2471607981824
2479.36507936508,,,,,66.3682319131976
2479.81770833333,,,,33.5633271322572
2480.8362369338,34.3749378341087
2488.03697661773,,34.2755687603488
2488.82035466461,,,35.3776343601884
2490.34267912773,,,,,66.38048979444
2495.19890260631,34.4101105760216
2496.48112603967,,,,33.6044672460998
2500.44682752458,,34.3051949410901
2504.74683544304,,,,,66.3964888310337
2512.43781094527,,34.3336933423316,,33.6436290471929
2514.57000710732,,,35.4381370021061
2515.33135509397,34.4591021199385
2517.79935275081,,,,,66.4109040860008
2522.6586102719,,,35.4570241099598
2526.21167161227,,34.366275474688
2530.51643192488,,,,33.6877260976256
2535.40903540903,34.5076039279579
2536.06237816764,,34.3894775655278
2536.2962962963,,,,,66.4311995294714
2537.87878787879,,,35.4924122170828
2545.61101549053,34.5321142380907
2546.60347551343,,,35.5126093419131
2549.87834549879,,34.4218803962325
2553.27342747112,,,,,66.4496922507401
2554.81727574751,,,,33.7465506832425
2556.76459920203,,,35.5360511590452
2560.24464831804,34.5671148994935
2561.55507559395,,34.4491406573874
2565.23681858803,,,35.5555308228839
2569.73995271867,,,,,66.4675069134446
2570.18970189702,,,,33.7834999204057
2575.16339869281,,34.4807668332489
2576.62492546213,34.6060763185863
2580.12820512821,,,35.5896257946792
2581.39534883721,,,,,66.4800448790832
2587.81946710169,,,,33.825627960124
2588.23529411765,,34.5110021980933
2590.90909090909,34.6398670956534
2599.88681380871,,,35.634584457143
2600,,,,,66.4999367092358
2602.91438979963,,,,33.861491511123
2604.60742830277,34.6721119378149
2607.81990521327,,,,,66.5082534511559
2609.12280701754,,34.5590253455395
2614.80075901328,,,35.6683105059277
2616.60978384528,,,,33.8938663881098
2617.94871794872,,,,,66.5189872871376
2621.52777777778,34.7117271032184
2622.58953168044,,34.5898002727335
2623.93162393162,,,,33.9111113740616
2631.11111111111,34.7340603764816
2632.1568627451,,,35.7073355681921
2633.75057950858,,,,33.9341690526838
2635.5748373102,,34.6193378766584
2636.68430335097,,,,,66.5387285336719
2638.46153846154,34.7511395010121
2645.49246069939,,,,33.961639649388
2646.13526570048,,34.6432612110982
2652.47018739353,34.783568816021
2652.55905511811,,,35.7529060246066
2655.78764142733,,,,,66.5587074670447
2656.70289855072,,34.6671132112096
2662.82789507358,,,,34.0019940657422
2663.77816291161,34.8096317526274
2665.64729867482,,,,,66.5689605771642
2668.92655367232,,34.6945944748606
2668.98954703833,,,35.7893697446616
2675.97765363128,34.8376358337224
2678.08219178082,,,35.8094594534174
2682.05944798302,,,,,66.5859404030518
2682.34492160873,,34.7246288180548
2683.64928909953,,,,34.0501478227167
2688.8341543514,,,35.8331338998615
2690.67028985507,34.871207783123
2696.66666666667,,,,,66.600962119555
2700.60606060606,,34.7652816162837
2704.48179271709,,,35.8674316449945
2704.71014492754,,,,34.098509937408
2707.70095559303,34.9099119959125
2715.87743732591,,,,,66.6205895405727
2716.03260869565,,,35.8926317893554
2717.11057304278,,,,34.1268246180681
2717.94871794872,,34.8036563670687
2719.63824289406,34.9369078361913
2731.6064040295,,,,34.1597747472224
2732.54086181278,,34.8357708987374
2732.63157894737,,,,,66.6375893898187
2740.18445322793,34.9831186141349
2743.4613244296,,,,34.1866034659052
2744.24242424243,,,35.9537610904489
2744.38687392055,,34.8617259148055
2749.26253687316,,,,,66.6543572405574
2754.4103992572,35.0149282202997
2755.15635395875,,34.8852329222701
2759.77011494253,,,35.9871605214936
2761.26729138778,,,,,66.6663952957282
2768.51851851852,,,,34.2429635505852
2769.14219919401,,,36.0072352036689
2769.7625488428,,34.9169797623859
2775.45327754533,35.0617048926467
2780.15350877193,,,36.0307406433805
2782.63624841572,,,,34.274513135068
2783.33333333333,,,,,66.6883810479729
2786.80555555556,35.0868049008605
2790.80179080179,,34.9624392003994
2794.55572675912,,,36.0613544441989
2795.63862928349,,,,,66.7005628633169
2796.01990049751,,,,34.304287532153
2800,35.1158600948257
2802.0202020202,,34.9865500015901
2807.56013745704,,,,,66.7123115982745
2809.6992019644,,,36.0933863159251
2812.5,,,,34.3407721909267
2819.00452488688,35.1574890176946
2820.04830917874,,,,,66.7245631906311
2822.07697893972,,35.0294357328218
2828.07498856882,,,36.1320406716188
2830.52434456929,35.1825973995851
2836.3453815261,,,,,66.7404668068654
2838.70967741936,,35.064787683299
2842.2674060382,,,36.1617357906341
2843.29349269588,35.2103191732563
2844.96124031008,,,,,66.7488362374649
2847.4870017331,,,,34.4175853534853
2850.28949545079,,35.0892875215716
2857.18157181572,,,,,66.76066187618
2858.03921568627,,35.1056327210135
2863.87434554974,35.2547599287622
2865.55142503098,,,36.2101564274816
2867.58620689655,,35.1257125640016
2870.81128747795,,,,,66.7737893855749
2875.91652566272,,,,34.479368968605
2878.78787878788,,,36.2375197773905
2880.12374323279,35.2896404979403
2885.22012578616,,35.1626399268249
2887.40920096852,,,,34.5041866797027
2891.75257731959,,,,,66.7938330832182
2893.42403628118,,,36.2676409141739
2899.09015715467,35.3301249482563
2903.7037037037,,35.2011239675419
2905.58934260064,,,36.2925694778022
2905.75396825397,,,,34.5436144590006
2909.50432014552,35.3522507331749
2916.66666666667,,35.2279792375538
2917.28395061728,,,,,66.8180665475804
2921.9696969697,,,36.3259824886472
2922.1052631579,,,,34.5785662550877
2932.02614379085,,35.2596572782822
2934.06593406593,35.4041465031776
2934.64052287582,,,,,66.8344149567868
2937.17277486911,,,36.3568386085693
2940.08056394763,,,,34.6167835384851
2949.12985274431,,,36.3810024993391
2950.03903200625,,,,34.6378642767675
2951.70454545455,35.4411684884154
2959.86622073579,,,,,66.8579966845928
2963.30991412959,,,36.409540968315
2963.79126730564,,35.3246884198133
2969.09492273731,35.4774704308258
2969.20289855072,,,,34.6782489505814
2970.13487475915,,,,,66.8675362158453
2982.16482164822,,,36.4472918172695
2982.35840297122,35.505026110786
2982.40469208211,,,,34.7059309458507
2982.66790467348,,35.3630297252058
2984.7182425979,,,,,66.8810252031665
2997.25425590335,,,,,66.8925657006613
2998.94514767932,,,36.4807027032745
3001.7316017316,,35.4015244257501
3004.27350427351,35.5503095033976
3005.93471810089,,,,34.7549924745595
3006.2893081761,,,,,66.9008521126076
3017.14027965719,,,,34.7782332145724
3018.24817518248,,35.4346938279917
3019.51600312256,,,36.5214242835429
3029.50819672131,,,,,66.9220286233591
3029.56393200296,35.6021903766968
3036.30363036304,,,36.5544657892639
3036.69724770642,,,,34.8186062758836
3039.08794788274,,35.4763070523708
3045.05813953488,,,,,66.9361164146029
3048.84488448845,35.6414757538586
3051.83199285076,,,,34.8496869657269
3052.80528052805,,,36.5867791093645
3053.72807017544,,35.5053834555556
3063.63636363636,,35.5249891376153
3063.8166047088,35.6718232219813
3066.54676258993,,,,34.8797700418577
3067.28778467909,,,,,66.9561261628286
3072.99270072993,,,36.6260894137295
3077.21117833477,,35.5517549614858
3079.72972972973,35.7039292733385
3079.7385620915,,,,34.9066272531384
3080.22030651341,,,,,66.9676977988623
3087.62886597938,35.7198096234464
3091.21061359867,,,,,66.9774918700679
3092.82700421941,,,,34.9331700005086
3096.88888888889,,35.5903610369465
3101.51515151515,,,36.6812222681943
3104.12815773259,,,,,66.9889571191113
3104.48859455482,35.753579224936
3110.32863849765,,,36.6981629204461
3112.72475795297,,,,34.9733250393948
3116.48745519713,,35.6285872357732
3121.01210121012,35.7865115270726
3123.4071093226,,,,,67.0059764123574
3132.4200913242,35.8091545101097
3132.50517598344,,,,35.0130105992066
3134.92063492063,,35.664338222465
3135.16819571865,,,36.7456681978168
3141.07883817427,,,,,67.0214809571728
3145.06172839506,35.8341573101673
3146.58457930226,,35.6868601086463
3148.85699096226,,,36.771698124096
3150.85158150852,,,,35.0496141126708
3155.09259259259,,,,,67.0337116255375
3155.92903828198,,35.7048476978955
3162.61808367072,,,,35.0729870437274
3165.52511415525,35.8744340268117
3166.47487533564,,,36.8050446295933
3170.9974853311,,35.7337502085621
3177.96610169491,,,36.8267017485673
3180.74477747502,,,,,67.0559538796238
3182.70944741533,35.9080714500895
3185.75233022637,,,,35.1187090202042
3186.19643534319,,35.7627746774498
3194.3661971831,,,36.8574843295651
3194.98010407101,,35.7794899684023
3198.90710382514,,,,35.1445720490747
3203.02501454334,35.9476223246907
3204.16666666667,,,,,67.0760996070223
3204.80061943477,,,36.8769928733843
3208.06794055202,,35.8043174011239
3214.94252873563,,,36.8958978426524
3220.41259500543,,,,35.1866434832183
3220.52401746725,35.9815044412466
3226.27737226277,,,,,67.0949771849434
3230.62558356676,,,36.9250225267493
3232.91221250405,,35.8511899718032
3233.5744424352,36.0066624892183
3239.44119558154,,,36.9413359726056
3240.04034291477,,,,35.2248168585824
3242.93785310734,,35.8700105803952
3246.9512195122,,,,,67.1125063944965
3247.59615384616,36.0335885544632
3250.46728971963,,,,35.2450095781383
3258.57519788918,36.054596822509
3259.98142989786,,,,35.2633827089443
3260.68376068376,,35.9031924356863
3262.91079812206,,,36.9845658220567
3265.02267573696,,,,,67.1277340071106
3275.13684817056,36.0861638308843
3275.18656716418,,,,,67.1362598803568
3276.6323024055,,,,35.2954196188777
3281.69822145726,,,37.0189627462028
3283.54978354978,,35.9457024802593
3290.43789097408,,,,,67.1490016775265
3293.47826086956,36.1209512975322
3297.52066115702,,35.9715409639694
3301.8779342723,,,,35.343708911483
3311.06161841128,,,,,67.1661342866075
3317.89282470481,36.1669804699366
3318.84057971014,,36.0107764582025
3321.24874118832,,,,,67.1745559562479
3321.91069574247,,,37.0919722046203
3326.9040553907,,,37.1009804546805
3327.31648616125,,,,35.3920251220822
3332.17672912329,36.1937650446733
3337.14285714286,,,,,67.1876419367022
3341.93918531268,,,,35.4196449383569
3342.59259259259,,,37.1292013800208
3347.91666666667,,36.0639112282919
3354.02298850575,36.2345253965776
3354.04255319149,,36.0750513757766
3357.92349726776,,,37.1566597449508
3358.82727852135,,,,35.451405730692
3363.76503892427,,,,,67.2094156561102
3363.97058823529,36.2530040810393
3372.03302373581,,,,35.4761390945067
3372.27414330218,,,,,67.2163371930397
3374.12935323383,,,37.1855581781989
3377.61069340017,,36.1177358586944
3380.355276907,36.2833303201501
3385.75899843505,,,,35.5017525392898
3391.47286821705,,,37.2163420188626
3394.17989417989,,,,,67.2340724670571
3397.52005835157,,36.1535793980545
3399.91239597021,36.3193506949898
3405.73770491803,,,,35.5388637028616
3409.18163672655,,36.1744838533067
3409.59119496855,,,37.2483444240603
3413.42552578508,,,,35.5530907455045
3414.36925647452,,,,,67.2503127371262
3423.51046698873,36.3625591183315
3423.91304347826,,,,35.5724514074211
3428.74180083482,,,37.2819978536202
3431.37254901961,,36.2140806868486
3436.36363636364,,,,,67.2678913696512
3438.37535014006,,,,35.5990604431426
3441.01876675603,,36.2312191422541
3450,36.4107343913054
3451.2987012987,,,37.3214125761928
3457.42574257426,,,,35.6339542167328
3460.82337317397,,,,,67.2873031117453
3462.50382614019,,,37.3409023740945
3468.20809248555,,,,35.6536253948745
3469.13580246914,,36.2809217540433
3473.48484848485,,,,,67.2972953849352
3476.0147601476,36.4577137779557
3479.09199522103,,,37.3696472534515
3485.11904761905,,36.3090091049456
3490.53857350801,,,,,67.3106940860096
3491.79620034542,,,,35.6964635773984
3496.14395886889,36.4938414828973
3501.05199879772,,,37.4075042398836
3507.77777777778,,,,,67.324169294706
3512.47920133111,,36.3568129040583
3512.62626262626,,,37.4273679060063
3513.40996168582,36.524677036895
3513.9366170294,,,,35.7364307616529
3521.75303902751,36.5395267182605
3530.96179183136,,,,,67.3421828142107
3532.33830845771,,,37.4610570751312
3535.7624831309,,36.3972222291037
3537.66025641026,,,,35.7789992250369
3546.66666666667,,,,,67.3543152353667
3550.72463768116,,,37.4923223448183
3551.04166666667,,36.4236060397261
3553.11355311355,36.5950544328388
3564.03269754768,,,,35.8260128446883
3564.91228070176,,,,,67.368340264854
3566.96878147029,,,37.5198191218336
3576.56797198344,,,,,67.3772606138106
3577.23577235772,36.6374573711543
3581.08558108558,,36.475179406016
3590.21406727829,,,,35.8723696648214
3595.85838343353,,,,,67.3919575565211
3596.18208516887,,,37.5689754666509
3597.52547307132,,36.5032303034039
3598.44404548175,36.674519473004
3601.2084592145,,,,35.8917434931841
3606.00907029478,,,,,67.3996581497776
3607.44878957169,,36.5201046045975
3613.20754716981,36.7001996593588
3615.45623836127,,,,35.9167693020389
3618.27956989247,,,37.6059105520873
3625,,,,,67.4140046534579
3628.20512820513,,36.5552611816653
3630.41289023162,,,,35.9429425413533
3630.71895424836,,,37.626609697756
3635.03649635037,36.7379918455001
3638.12785388128,,,,,67.4238761934019
3646.29315223543,,,37.6524317573123
3647.4358974359,,36.5876674443821
3648.72139973082,36.7615770471549
3649.40668824164,,,,35.9760375322042
3659.36739659367,,36.6076938134482
3662.36772486772,,,,,67.4420061788377
3665.626625065,,,37.6843433840843
3668.88888888889,36.7961853558929
3678.98550724638,,36.6404902146404
3680.10752688172,,,,,67.4551953343498
3681.51815181518,,,,36.0316290519875
3690.90909090909,,,37.7258372987232
3695.7928802589,,,,,67.4668019115822
3697.33333333333,,,,36.0588440706235
3698.46153846154,,36.6728887126352
3702.78920896205,36.853963668921
3715.60283687943,,36.7012724215349
3716.46341463415,,,,,67.482019083144
3720.67901234568,36.8842565205
3720.78720787208,,,37.7745317153
3721.8992248062,,,,36.1009050644611
3737.51451800232,,36.7373784972856
3742.09245742092,,,,,67.5007644249946
3742.8760768721,,,,36.1366185854872
3751.30499627144,36.9358027931978
3752.15374420146,,,37.8252592005026
3753.23790047716,,,,36.1541916430766
3757.36961451247,,36.769926141334
3757.88146279949,,,,,67.5122460926393
3773.34570191713,36.9726578030601
3775.13227513227,,,,36.1911763252134
3776.20173364854,,,37.86388227683
3777.54891864058,,36.8028417511049
3791.02956167176,,,37.8875822308096
3792.95689131755,,,,36.2211401832813
3798.4496124031,37.0143919000851
3798.72881355932,,,,,67.5417180062739
3808.31212892282,,36.8527079523725
3810,,,37.9177770691132
3814.75667189953,,,,36.2576100514914
3823.78854625551,,,37.9396356392715
3827.18824940048,37.0618548463271
3830.06535947713,,,,,67.56410443045
3830.64516129032,,36.8886748243837
3835.56747095621,,,,36.292246125431
3836.75464320626,37.0775805913158
3841.15523465704,,,37.967061566527
3844.13580246913,,36.9103067811675
3850.30864197531,,,37.9814700870646
3851.80118559051,,,,,67.5795202300439
3853.88127853881,,,,36.3225829585565
3858.50694444445,37.1132028481952
3870.37037037037,,,38.012937484628
3874.29562201994,,36.9584129496139
3879.45205479452,,,,36.3647187159483
3881.48148148148,37.1506243602897
3886.66666666667,,,38.0383862348076
3888.23529411765,,,,,67.6051580301687
3892.49806651199,,36.9872781669428
3893.50838803793,,,,36.3877715865107
3897.28296885355,37.176242775753
3905.57939914163,,,38.0677956333682
3909.21409214092,,,,,67.619806790987
3918.99189918992,37.2112815284191
3920.92457420924,,37.032106108932
3925.81888246628,,,,36.4404713830722
3926.0162601626,,,,,67.6314801014814
3931.15942028986,,,38.107360735886
3938.88888888889,,37.0602795742393
3941.78921568627,,,,36.4663716422039
3943.60523665659,37.2507901616378
3950.12165450122,,,,,67.6481365725798
3954.02298850575,,,38.1425202098108
3957.8231292517,,37.0898448963086
3962.18905472637,,,,36.499314666708
3965.33333333333,,,,,67.6585931022137
3966.06060606061,37.286635101391
3970.88122605364,,,,36.5133036916478
3976.44287396938,,,38.176812486753
3979.69543147208,,,,,67.6684272685624
3984.26323319027,,37.1309106705495
3984.375,37.3157302368709
3988.66527874161,,,38.1954308272947
3994.67140319716,,,,36.5514467031615
3996.90539345712,,,,,67.680162772205
4000,37.340454559784
4002.80448717949,,37.1595570237474
4007.00934579439,,,38.2232739404856
4011.52073732719,,,,36.5783343707189
4015.61280249805,,,,,67.6928596997981
4022.91666666666,,,38.2473217204347
4026.85950413223,37.3827463523942
4030.11635865845,,37.201529544152
4030.89430894309,,,,36.6091211815466
4040.23470243085,,37.2170119854567
4040.81632653061,,,38.2742748054439
4048.95104895105,,,,,67.7153344035328
4049.23325262309,37.4177748691923
4055.46751188589,,,,36.6479742265689
4057.77096114519,,,38.2997016133101
4061.20527306968,,37.2489850235219
4068.99641577061,37.4485665061405
4072.98245614035,,,38.322429403448
4078.65168539326,,,,,67.735194706855
4080.14981273408,,,,36.6867808226831
4082.52740167634,,37.2813365919263
4087.30158730159,37.4769624289427
4088.68501529052,,,38.3458073626803
4090.23354564756,,37.2929901828696
4092.26190476191,,,,,67.7442452303857
4106.95187165775,,,,36.7286745958084
4108.89443059019,,,38.3757712176212
4109.67741935484,37.5115123503419
4113.37868480726,,37.3278686085178
4117.96536796537,,,,,67.7612521148374
4122.03626220363,,,38.3951819289674
4123.49397590361,,,,36.7544049479775
4126.47209421403,37.5373295011177
4139.30348258706,,,,36.7789065119508
4140.56224899599,,37.3685996484949
4142.05004035513,,,38.4246311145591
4144.73684210526,,,,,67.7788482138916
4150.65913370998,37.5743386772912
4153.84615384615,,,,36.8013682404908
4158.43621399177,,,38.4486430073047
4167.76315789474,,37.4091076458409
4169.32907348243,,,,,67.7949076927461
4172.33560090703,37.6073358137868
4175.22658610272,,,,36.8342590984286
4186.72839506173,,,38.4898929417565
4188.56447688565,,37.4399191018
4196.83908045977,37.6444443257255
4197.57807520714,,,,,67.8132335287515
4202.71682340648,,,38.5130882039712
4204.06941950928,,,,36.8783831849513
4209.42408376964,,,,,67.8208800364637
4216.28498727736,37.6737499319349
4216.8284789644,,,38.5334918519185
4219.61620469083,,37.4856489532619
4225.75757575758,,,,36.9113773700501
4229.91967871486,,,,,67.8340568624224
4249.37655860349,,,,36.9471306598912
4252.92740046838,37.7286299895886
4256.2091503268,,37.5391376736308
4258.50340136054,,,38.5933755009647
4259.90338164251,,,,,67.8532140496468
4277.77777777778,,,,36.9898796366604
4278.43137254902,,,,,67.8649816859746
4282.14077952298,,37.5767830610606
4288.66554997208,,,38.6363730435406
4292.99796057104,,37.5924813934692
4293.20987654321,,,,37.012997389844
4295.27559055118,37.7915083835939
4298.38709677419,,,,,67.8775967284701
4307.63740185582,,,,37.0345405841195
4308.13953488372,,,38.6639831059755
4318.18181818182,,37.6287522231225
4327.70481550969,,,,,67.8960194541401
4328.38983050847,37.8402741204453
4336.3184079602,,,,37.0771688214555
4342.1052631579,,37.6630251101363
4342.47619047619,,,38.7123802606207
4354.00516795865,,,,37.1033260921727
4354.03726708075,37.8778049067153
4360,,37.6885460252576
4363.21593738883,,,,,67.9181602124711
4368.42105263158,,,38.7487107685449
4377.77777777778,,37.7138033492309
4379.24528301887,,,,37.1404837238284
4382.65712012729,,,38.7685592045687
4385.55770470664,37.9236478911921
4398.05068226121,,,,,67.9396971283401
4399.02676399027,,,,37.1694665118558
4399.81006647674,37.9442753412571
4402.0979020979,,,38.7955663368829
4422.68041237113,37.9772454143875
4424.90842490843,,,38.8271117653858
4425.23364485981,,37.7807582385188
4432.14756258234,,,,,67.9606059718974
4441.73441734417,,37.8038816927959
4446.66666666667,,,38.8570594487261
4447.73175542406,,,,37.2403134743608
4448.62795149968,38.0144591012827
4466.47509578544,,,,,67.9814871942203
4472.13114754098,38.0479923305358
4474.4094488189,,37.8494348590155
4478.78787878788,,,,37.2851125233788
4486.17176128093,,,38.9110821946065
4491.64208456244,,,,,67.9966898750221
4501.61812297734,38.0898305364803
4502.96397628819,,,,37.319787477626
4503.09789343247,,37.8891743002936
4507.24637681159,,,,,68.0060713662175
4514.24501424502,,,38.9492000536778
4521.81418706842,,,,37.3467037578311
4529.47154471545,38.1291160946614
4542.55319148936,,,38.9874111639951
4547.28132387707,,37.9499163685055
4551.81623931624,,,,37.3893292526492
4552.34861346916,,,,,68.0329977831404
4554.20466058764,38.1638115914597
4559.74842767296,,,39.0105122186115
4567.43002544529,,37.9774329624909
4574.01812688822,,,39.0296206182053
4578.125,,,,37.4264928960246
4578.14661134163,,,,,68.0482743785033
4578.85057471264,38.1982097547462
4594.70351180196,,,,37.4498096718546
4596.11231101512,,38.0164082156698
4598.69281045752,38.2257777227167
4601.22968818621,,,39.0659039213463
4611.03979460847,,,,37.4727092842415
4611.82519280206,,,,,68.0680827517161
4615.71306575576,,,39.0851332450337
4625.50607287449,,38.0561146083234
4628.1179138322,38.2664553393428
4629.98102466793,,,,37.4991660482247
4634.25925925926,,,,,68.0811938607059
4643.33333333333,,38.0800814553355
4650.79365079365,38.2976376245099
4650.86006508601,,,39.1315615116199
4658.28343313373,,,,37.5385111265347
4661.3545816733,,,,,68.0969409982126
4674.83660130719,38.3305448345176
4680.37974683544,,,,37.5690742387766
4685.48387096774,,38.136407169106
4690.9643128322,38.3525298367433
4690.97222222222,,,,,68.1140449918969
4694.13233458177,,,39.1882701771337
4702.53718285214,,38.1590606549036
4707.31707317073,38.3747494195356
4708.52359208523,,,,37.6078081168612
4721.15384615384,,38.1837031291871
4727.48267898383,,,,,68.1349748986684
4729.33884297521,,,39.2340455273189
4734.67112597547,,,,37.6436016828966
4737.25981620719,38.4152477559093
4748.09160305343,,,39.2582965578999
4754.38596491228,,38.227466163156
4754.90196078431,,,,,68.1505824476919
4755.77557755775,38.440170902732
4763.1746031746,,,,37.6824110573211
4779.9671592775,,,39.2993110758776
4784.28270042194,,38.2665924372157
4792.0054200542,,,,,68.1715532966198
4797.19764011799,38.4955992630211
4800.38204393505,,,,37.7327469951297
4800.93676814988,,,39.3261521222042
4810.55676066522,,,,,68.181974951711
4813.59649122807,,38.3047337642052
4829.22374429224,38.5381477222093
4830.98591549296,,,39.3644224272558
4830.9968847352,,,,37.7738920933742
4850.76708507671,,38.3527857474495
4851.85185185185,,,,,68.205023405383
4852.15053763441,38.5684449757812
4853.0534351145,,,39.3923843668206
4870.89201877934,,,,,68.215581513253
4872.64150943396,,38.3809024786349
4880.35350101971,,,,37.8397160599772
4881.81818181818,38.6074513677548
4887.87878787879,,,39.4362682421837
4889.83050847457,,,,,68.2260405302707
4894.7970268725,,38.409260011915
4909.94916485112,,,,,68.2371050261108
4912.07349081365,,,,37.8816920544346
4913.19444444445,,,39.4679836225194
4923.22643343052,,38.445471702178
4923.39916217833,38.6617483999155
4934.22222222222,,38.4594248550052
4934.47837150128,,,,37.9111889225404
4940.76305220883,,,39.502346156094
4943.78463974664,,,,,68.255606803557
4951.44032921811,38.698122443299
4960.56547619048,,38.4927348288071
4965.94427244582,,,,,68.2676524481261
4967.60710553814,,,,37.954575857775
4972.60273972603,38.7254457564359
4981.58914728682,,,39.5529015450764
4987.47591522158,,38.5265908843451
4993.63867684479,,,,37.9884788981117
5000,38.760657288615,,,,68.2860555235793
5011.57407407407,,,,38.0117417362532
5017.03940362088,,38.5635875036833
5022.83105022831,,,,,68.2983197679713
5035.1966873706,38.8056277897805
5036.00464576075,,,39.6196786828909
5050.39787798408,38.8249589638047
5054.49936628644,,38.6101729038891
5057.09023941068,,,39.6453708627901
5058.78284923928,,,,38.0726034630558
5066.32653061224,,,,,68.3215239501278
5079.65194109773,38.8620076454988
5080.80808080808,,,39.6741494339663
5084.07079646018,,38.6467194814388
5093.04113802384,,,,,68.3356727686091
5098.69646182496,,,,38.1236476727122
5109.69116080937,38.8998425906959
5112.3595505618,,38.6814943071523
5121.56862745098,,,39.7233112696803
5122.28796844181,38.9156463110191
5130.82706766917,,,,38.1644678627055
5133.6717428088,,,,,68.3570438167462
5146.9696969697,,38.7237946602594
5156.89381933439,38.958874826733
5159.89159891599,,,39.7691962669534
5161.57205240174,,,,38.2033045832321
5171.56862745098,,,,,68.3768181572973
5173.87820512821,,,,38.2187889935585
5180.84879505225,38.9886391314773
5185.12898330804,,38.7701238220316
5185.33886583679,,,39.7994868445275
5203.18725099602,39.0162784919643
5203.8567493113,,,,,68.3935467043317
5204.0404040404,,,,38.2565958808527
5210.35598705501,,38.8005761408566
5220.4641350211,,,39.8410668216594
5226.0162601626,,,,38.2840127344724
5231.35755258126,39.0509748859946
5235.8630952381,,,39.8592119947151
5236.69724770642,,38.8322258312361
5241.99623352166,,,,38.3038815440243
5248,,,,,68.4162426185778
5250.46554934823,,38.8487092291555
5258.62068965517,39.0843869720566
5271.31782945736,,,,38.3401918135244
5273.94106813996,,38.8767205186211
5275.39682539683,,,39.9055654391647
5295.20295202952,,,,,68.4402918225187
5297.57343550447,,,,38.3725452925201
5297.80033840947,39.1321188687723
5309.5623987034,,38.919001002749
5314.2174432497,,,39.9507633711913
5329.41176470588,,,,38.4115773433562
5341.03641456583,,38.9561372339521
5344.14945919371,39.1881580102727
5358.52713178295,,,,,68.4722047521755
5358.97435897436,,,40.0024858079062
5362.97903109183,,,,38.4524932827678
5364.94252873563,39.2131496508051
5379.26509186352,,39.0009671388471
5385.72513287775,,,,,68.485790588932
5387.9781420765,,,,38.4828097897052
5403.50877192982,39.2592627009358
5404.87421383648,,,40.0551051865556
5411.07561235357,,,,38.5107033094887
5411.45833333334,,39.0384872857822
5426.51296829971,,,,,68.5060308423247
5439.12175648702,,,,38.5444235170348
5439.87823439878,,,40.0949494263175
5443.33333333334,39.306556069343
5451.21951219512,,,,,68.5182137917795
5459.87654320987,,39.0945229918541
5476.31241997439,,,40.1361639687037
5490.24390243903,,39.1294294987521
5491.66666666667,,,,38.6071626708767
5498.94381073088,,,40.1616338586475
5499.48078920041,,,,,68.5418459958898
5502.86806883365,,,,38.6204644835953
5509.62512664641,39.3845620497284
5530.44375644995,39.4088769846783
5534.48275862069,,,,,68.5588501548981
5536.05015673981,,,40.203179616226
5537.32912723449,,,,38.66122887388
5550.13550135501,,39.1977431776323
5556.98005698006,,,40.2264970798952
5563.86292834891,,,,,68.5730365879631
5573.5632183908,39.4589646996669
5584.87654320988,,,40.2574464950585
5586.68368432248,,,,38.7191986061967
5596.42857142857,39.485377096645
5600.87719298245,,,,,68.5907980476774
5605.37069468768,,,,38.7410222889944
5614.12151067324,,39.2699632719839
5621.8487394958,,,40.2982393278586
5630.92269326684,,,40.3082120090067
5635.75418994414,,,,38.7763604837877
5637.01923076923,39.5320147383952
5638.62928348909,,,,,68.6087875012094
5644.69554300063,,39.3041980415846
5673.63751584284,,39.3364445317037
5678.16091954023,,,40.359883516987
5679.71723762914,,,,38.8271775360623
5689.81481481481,39.5922037113883
5692.21835075494,,39.357065162731
5693.59534206696,,,,,68.6347556158832
5712.96296296297,,,,38.8653618669294
5714.47196870925,39.6201334548803
5714.85943775101,,,40.3997449471893
5725.28564331843,,39.3936059417385
5741.81117533718,,,40.4288648792836
5742.11502782931,,,,,68.6574611678032
5750.79872204473,,,,38.9085651288797
5753.57535753575,39.6641943825968
5762.60162601626,,39.4346032119934
5772.41379310345,,,,38.933126956413
5779.93527508091,,,40.4698347880885
5790.99099099099,,,,,68.6801313708674
5795.91836734694,39.7115879363809
5820.60717571297,,,40.5132603107386
5823.36182336182,39.7421304289632
5824.81751824817,,,,,68.6957042443661
5833.87270765912,,39.5122134678609
5842.92565947242,,,,39.0126554472872
5861.11111111111,,,40.5562205827114
5868.66167913549,,,,39.0414580052684
5872.4279835391,,39.5538255529715
5874.21383647799,39.7983672028585
5883.54430379747,,,40.5798928342422
5894.0350877193,,,,,68.727277384934
5906.3829787234,,,,39.0834601860527
5916.47331786543,39.8447526895176
5921.03676913804,,39.6059219071852
5935.25179856115,,,,,68.7458943181347
5946.50205761317,,,40.6458720227175
5952.62267343485,,,,39.1346048795597
5952.62557077625,39.8841868069035
5956.77915926584,,39.6439715017626
5968.17944705269,,,,,68.7606702457885
5970.97625329815,39.9041167983975
5987.48577929466,,,,39.1729198097354
5989.0350877193,,,40.6900709747343
6002.51572327044,,39.6923468595371
6026.35046113307,,,40.7286024726256
6029.23976608187,,,,,68.7878459563818
6032.30543318649,39.9703064576666
6032.50536645201,,,,39.2220876311074
6037.92048929663,,39.7295556015039
6047.30031236055,,,40.7501356162067
6059.05511811024,,,,39.2509222125975
6064.85671191553,,,,,68.8035650484401
6072.99270072993,40.0138680035686
6098.38846480068,,,40.8023497202917
6100.28985507246,,39.7946037600888
6104.63861920173,,,,,68.8210084572389
6105.45454545455,,,,39.3010304818328
6122.73057371096,40.0667459840037
6127.83751493429,,39.823134520864
6130.87490961677,,,40.8353358329446
6136.92480359147,,,,,68.8350779224708
6139.53488372093,,,,39.337607206262
6155.25114155251,,39.8514062420668
6166.66666666667,,,,39.3665900150962
6168.10097532989,40.1146274215614
6170.79889807163,,,40.875646518313
6175.69193742479,,,,,68.8518695901757
6183.76928236083,,39.8806908725424
6191.63292847504,,,,39.3931537003601
6200.14245014245,,,40.9051161128024
6203.95327942497,,,,,68.8640413631151
6211.08884435538,40.1596878593985
6219.87630624866,,,,39.4230828728963
6223.82671480144,,,,,68.8725658686161
6235.44973544973,,39.9334361053085
6243.05555555555,40.1930047468769
6245.61403508772,,,40.9505213974416
6264.6793134598,,,,39.4702985428782
6268.8679245283,,39.967322911144
6275.64102564102,,,,,68.8946577669753
6287.63913298184,,,40.9922058204052
6289.50863213811,40.241133007603
6294.55216989843,,,,,68.9026733160942
6301.71277997365,,,,39.5090867673762
6304.41400304414,,40.003180206581
6340.88457389428,,,41.0446396785468
6347.33893557423,,40.0462265840367
6348.271446863,40.3015347891529
6354.16666666667,,,,39.5636601154356
6359.76505139501,,,,,68.9301218829867
6364.0350877193,,,41.067306438276
6377.95275590551,,,41.0808954492756
6379.01234567901,40.3329223355629
6385.88588588588,,40.0846482043954
6396.0113960114,,,41.0984855332872
6406.55598126862,,,,,68.9496355448812
6410.07615700059,,,,39.6213631726884
6421.89421894219,,,41.1236143267305
6422.4537037037,40.3770339233881
6434.27970557308,,40.1325747170848
6445.06866416979,,,,39.6572372863237
6450.16077170418,,,41.1509472230272
6465.17412935323,40.4201384546209
6468.31275720165,,,,,68.9751633153321
6468.94803548796,,40.1666986849244
6481.48148148148,,,,39.6943730066131
6495.60351718625,,40.1928179317762
6502.43309002433,40.4575124821025
6533.33333333334,,,41.2307143641286
6534.13654618474,,,,,69.0020927447499
6534.55284552846,,,,39.7481470756458
6539.19035314384,,40.2353097476422
6540.78947368421,40.4957757392911
6568.90459363957,,,41.2645335614281
6580.16877637131,,40.2750144097988
6584.11214953271,,,,39.7979918019183
6588.83994126285,40.5434102940446
6591.56378600823,,,,,69.0253559913061
6601.90476190476,,,41.2957522654734
6625.91343451377,,,,39.8397593018056
6625.95419847328,,,,,69.0391858337856
6627.30627306273,,40.3203976393037
6631.57894736842,40.58550317393
6652.77777777778,,,,39.8664708307366
6657.2504708098,40.6106629914704
6669.98671978752,,,41.3596906231652
6675.49668874172,,,,,69.0589773709603
6681.76400476758,,,,39.8951781873383
6700.32573289902,,40.390098424801
6703.07443365696,40.6553454800816
6715.84699453552,,,,39.928783210938
6723.77622377622,,,41.4097669219164
6745.03488996243,,,,,69.0864989284685
6746.13821138211,40.6970729584648
6752.1815008726,,40.4391609302549
6767.53507014028,,,,39.9794402914011
6783.76068376068,,,41.465160898466
6784.94623655914,,40.4699766648327
6785.91954022988,40.7353956594901
6797.33333333333,,,,,69.1070023021691
6816.39344262295,,,,40.0269891519464
6819.52965235174,,,41.4979700784168
6829.93197278912,,40.5120570168883
6847.33893557423,,,,,69.1264528228645
6855.98141695702,,,41.5312366802058
6856.09397944199,40.8024796981083
6872.2073279714,,40.5513627721134
6883.69678089305,,,,40.091963839175
6890.19607843137,,,41.5623080981965
6917.41548994437,,,,,69.1534613498904
6917.80821917808,40.8609390336584
6918.78787878788,,40.5944061848553
6932.07282913165,,,,40.1382961708621
6936.07305936073,,,41.6037395960369
6958.64661654135,,,,,69.1692188166616
6968.16857206904,,40.6397374306527
6970.25641025641,,,,40.174651216988
6972.22222222222,40.9120733366065
7001.27226463104,,40.6699558211048
7005.95238095238,,,41.6663464201359
7016.05504587156,40.9529890026878
7018.51851851852,,,,,69.1919270098613
7025.90673575129,,,,40.2273006190787
7035.84229390681,,,41.6929433158996
7038.19444444444,,40.7035000553112
7048.40484048405,,,,40.2484736018724
7053.90070921986,40.9881208525283
7062.43705941591,,,41.7165173169106
7080.39215686275,,,,40.2784670460014
7082.32931726908,,40.7433782451945
7093.04703476483,,,,,69.2199122502012
7099.13793103448,,,41.7489103265785
7112.02938475666,41.0417335725437
7126.33624878523,,,,40.3213236629303
7140.01421464108,,,,,69.2373904781985
7149.84350547731,,,41.793401355997
7149.94606256742,,,,40.3432452428925
7157.31573157316,,40.8105936035715
7161.90476190476,41.0874028374196
7179.01234567902,,,,,69.2518118280929
7207.36022646851,,40.8550800822575
7214.67098166127,,,,40.4029923019613
7219.22731356693,41.1395188062149
7227.24161533196,,,41.8607340687176
7251.93798449612,,,,40.437163290221
7256.1475409836,,,,,69.2800958990822
7257.73938084953,,40.8995681187179
7272.47579529737,41.1875789483066
7276.77496991577,,,41.9034641360437
7304.15561450044,,,,40.4847640585074
7310.96196868009,41.2221069687439
7331.28205128205,,,41.9501638340434
7333.33333333334,,40.9657740030132
7334.32687531048,,,,40.5121209316651
7345.82132564841,41.2532320638544
7347.09193245778,,,,,69.3130415586238
7378.03320561942,,41.0046174794584
7383.83838383839,,,41.9948780796747
7391.26016260163,,,,,69.3288881523357
7393.49112426036,,,,40.5654580508281
7397.59036144578,41.299196696274
7424.86651411137,,41.0450751653055
7436.61971830986,,,42.039477670645
7452.42847638057,41.3475531464803
7457.74647887324,,,42.0572445056836
7470.91194968553,,,,40.6346457073892
7488.13376483279,,,42.082714631516
7490.79189686925,41.381180919797
7502.8901734104,,41.1119402766974
7514.86697965571,,,,,69.3727135007929
7531.25,,,,40.6880973482486
7547.76422764228,41.4308187010691
7559.95934959349,,,,,69.3885133854975
7571.56580211335,,,42.1521394367822
7584.14464534075,,,,40.7346219699506
7588.18565400844,41.4658200926272
7595.27643585615,,41.1902622883804
7633.33333333334,41.5047043530812
7639.67136150235,,,42.2082688127492
7647.8999106345,,,,40.7902917527992
7648.67967853042,,,,,69.4193136747185
7661.69154228855,,41.2460076269703
7679.14438502674,41.5439363060529
7687.75100401606,,,,40.8248656005141
7716.66666666667,,,42.2711491049862
7719.14132379248,,,,,69.4435095956362
7728.19100091827,,41.3013639180329
7746.76375404531,,,,40.8757523335074
7768.53526220615,,,42.3131702615128
7770.08310249307,,41.3360034250651
7791.58819836786,,,,,69.4681469960866
7808.30552465702,41.6533571325789
7816.19937694704,,41.3739303261436
7820.86795937211,,,,40.9391335297886
7824.56140350877,,,42.358257962374
7862.49467858663,41.6987505039279
7876.45687645687,,,,40.9863052016686
7881.56288156289,,,,,69.4984129369948
7907.9054604727,,41.4487206443534
7908.45070422535,,,42.4251922747744
7915.72610985704,41.7430515817126
7940.22988505747,,,,41.040033599296
7943.70567375887,,,42.4531184008474
7953.7037037037,,,,,69.5224193540289
7962.29648671808,,41.4926886441137
8005.64971751413,41.817246606436
8007.51879699248,,,,,69.5401792789943
8021.53558052435,,,42.514349474402
8023.49486049927,,,,41.1095696962429
8059.62285080422,,,,,69.5572556815573
8067.28395061728,,41.576751905318
8081.67141500474,,,42.5612701606495
8092.45742092458,41.8881189213289
8098.61450692747,,,,41.1717171210841
8114.88673139159,,,,,69.5752416270982
8137.06004140787,41.9242515799498
8149.65986394558,,41.6419815055772
8154.95495495495,,,42.6179974286181
8168.09116809117,,,,41.2287097815193
8197.48305905131,,41.6795619113302
8199.14117015567,41.9742295535494
8205.4794520548,,,,,69.6044494779698
8232.27752639517,,,42.6773219568948
8232.70440251572,,,,41.281300376016
8259.61538461539,,41.728074877289
8284.33268858801,,,,,69.629598444174
8284.56790123457,,,42.7171377616417
8285.11530398323,42.0428478589073
8293.10344827586,,,,41.3301068008007
8322.65317594154,,41.7769394856633
8335.98937583001,,,,,69.6459377765762
8338.48133848134,42.0850988069283
8343.78437843784,,,,41.3707998784475
8354.97835497836,,,42.7703703823604
8376.8115942029,,41.8186392151425
8384.33515482695,,,42.7924376133747
8404.7619047619,,,,41.4194494817522
8418.46522781775,42.1479413909736
8418.9497716895,,,,,69.6719577173161
8455.9925093633,,,,41.4600634714412
8462.03346203346,,41.8837370513798
8487.56218905473,,,42.869445927671
8507.2463768116,42.2170298280888
8522.36135957066,,41.9294410950103
8526.76264304172,,,,,69.7053734568662
8528.84615384615,,,42.8999918560351
8538.07106598985,,,,41.5246464811207
8539.33747412009,42.2418329096678
8571.60963244614,,41.966522240735
8593.95424836601,,,42.9478769014508
8599.04912836767,,,,41.5722446467763
8613.24786324787,,,,,69.7318600568915
8622.44897959184,42.3056566342758
8655,,42.0288477181415
8657.81710914454,,,,41.6178140691613
8662.46056782334,,,42.9978852269781
8663.94187102634,42.3372998923899
8694.25287356322,,,,41.6459188825437
8703.29670329671,,42.0646818824154
8713.77459749553,,,43.0350943940148
8719.74522292994,,,,,69.7640947849132
8731.20915032679,,,,41.6743106465981
8735.34798534799,42.3914169391505
8768.5534591195,,,,41.702884281
8771.20822622108,,42.114748465464
8771.72503242542,,,,,69.7796784071848
8777.17879604672,,,43.0807797406779
8840.35087719298,42.4702305556766
8842.29390681004,,,,41.7589665966648
8863.19845857418,,,43.1422542415297
8866.80761099366,,,,,69.8079351974672
8885.13037350247,,42.1979071453973
8915.38461538461,,,43.1792695054792
8926.90058479532,42.5345212159566
8935.08388037929,,,,41.8289057735695
8943.6152570481,,42.2402025367451
8980.24054982818,,,,,69.841232380463
8997.97365754813,42.5868698253962
9006.99043414275,,,43.2437420891499
9010.56676272815,,42.2882964601369
9057.59803921569,,,,,69.8636878100119
9060.20066889632,,,,41.9221205574529
9081.98924731183,42.648241651584
9092.84890426759,,42.3469356447934
9112.55010792476,,,43.3172551407584
9114.69534050179,42.6719855350124
9129.37595129376,,,,41.9731310562734
9141.16575591985,,,,,69.8877209240867
9179.48717948718,42.7187822819708
9187.94326241134,,,,42.0160311697124
9195.2506596306,,,,,69.9031525351586
9198.69706840391,,42.4216250513587
9219.24223073648,,,43.390725937587
9258.58585858586,42.7754840497975
9260.6797630184,,42.4649796913769
9264.22764227642,,,43.4214581278274
9305.92105263158,,,,,69.9344344846372
9307.69230769231,,,,42.1029385870568
9329.79976442874,42.8261368126098
9348.00838574424,,,,,69.9462284798948
9361.85383244207,,,43.4876593181094
9413.08793456033,,,,42.1785487165461
9429.9344066786,,,43.5334316440487
9436.43643643644,,42.5864165258834
9439.6681749623,42.9035591848105
9455.6277056277,,,,,69.9761346202382
9464.85260770974,,,,42.2153882052463
9494.56975772766,,,,42.2364500476193
9507.27513227513,,42.6347482501287
9510.75268817204,,,43.587354929879
9532.48587570621,42.9682938975879
9542.09919261822,,,,42.2700054136235
9542.80510018215,,,,,70.0000994284367
9607.87576261786,,,43.6515738488611
9609.52380952381,,42.7039034674835
9611.57796451915,43.0229791061242
9618.51851851851,,,,42.3236227455346
9633.97435897436,,,,,70.0249169865354
9640.78794901506,,,43.6731933953374
9685.99033816425,43.0740347719609
9692.12962962962,,42.7592586671325
9711.06412966878,,,,,70.0457102913796
9740.35087719298,,,43.7381627694385
9744.34389140272,,,,42.4110217062459
9803.92156862745,,,,,70.0705277062451
9805.72597137014,,42.8346445209126
9818.91025641026,43.1643009978327
9844.58077709611,,,,42.479876357499
9858.77466251297,,,,,70.085072260778
9862.15177713737,,,43.8167749087452
9868.1081081081,43.1974132766643
9898.62850327966,,,,42.5167244306722
9927.80337941628,,,43.8587584415901
9944.25483503982,,,,,70.1075692060351
9953.14591700134,,42.9312335800716
10006.7873303167,,,43.9089130019618
10014.9572649573,43.2953115883988
10021.5355805243,,,,42.5998056077919
10042.904290429,,42.98937072393
10087.6795162509,,,,,70.1448638345729
10095.2380952381,,,43.9646257878426
10117.6470588235,,,,42.664095653257
10129.8701298701,,43.045223838673
10133.0128205128,43.3730163771602
10172.2017220172,,,44.0127196342267
10194.1143180532,,,,,70.1721818580785
10195.4022988506,,,,42.715679614639
10200.4321988115,,43.0902033935165
10223.3980011758,43.4319206498092
10251.1904761905,,,44.061713621858
10258.7185725872,,43.1271323319381
10289.156626506,,,,,70.1963238671034
10327.868852459,43.4993819712121
10341.2698412698,,43.1790904487521
10357.0127504554,,,,42.8216969248807
10382.9113924051,,,44.1426071846383
10389.898989899,,,,,70.2216594006092
10406.5420560748,43.549751427274
10429.9435028249,,,,42.869020617272
10440.5719392315,,,44.177705427049
10442.0289855072,,43.2419695415479
10503.663003663,,,,,70.2499613671151
10509.7276264592,,,44.2195536468761
10533.8441890166,43.6304815341055
10548.0880648899,,,,42.9450123514224
10549.3250259605,,43.3082879924248
10595.2380952381,,,,,70.2725103108447
10642.3462088698,,,,43.0050556987665
10647.6868327402,,,44.3022446840562
10684.9315068493,43.7250815628397
10689.6807720861,,,,,70.2955519273875
10695.1219512195,,43.3973681187855
10742.8571428571,,,44.3586846128285
10764.2857142857,,,,,70.3136029627778
10781.8181818182,,,,43.092969147052
10787.4125874126,43.7885151248918
10818.75,,,44.4033453545682
10823.6245954693,,43.4749152897847
10855.2278820375,,,,,70.3354299479783
10864.8266100495,,,,43.1447740750471
10882.0512820513,43.846579278104
10925.5079006772,,,44.4656568962181
10932.8703703704,,,,43.1869564064071
10932.9004329004,,43.5401635207801
10953.7037037037,43.8902167373458
10987.9336349925,,,44.5018195106936
11021.1161387632,,43.5923789543049
11022.8310502283,,,,43.2423394596486
11036.8421052632,,,,,70.378449925243
11044.4444444444,43.9450848430849
11094.0860215054,,43.6352660481352
11108.6419753086,,,44.5711818949143
11109.375,,,,43.2952098765634
11125.993883792,,,,,70.3992964286045
11130.3418803419,,43.6564736918881
11202.9569892473,,,44.6248699487523
11214.2857142857,44.046620619745
11221.3836477987,,,,43.3630510410785
11244.1200324412,,,44.6481640503516
11250.626566416,,43.726358346918
11271.9298245614,,,,,70.4330449436481
11298.7249544627,,,,43.4095152567697
11319.3384223919,,,44.6905165881746
11319.7278911565,,43.7661798095593
11333.3333333333,44.1169072085598
11358.2089552239,,,44.7122959027246
11373.3333333333,,,,43.454048070327
11427.5668073136,,,,,70.4685346454984
11433.0588594083,,,,43.4894950209655
11437.2294372294,44.1776665141498
11445.7174031642,,43.8381832627732
11482.8101644245,,,,43.5188862631034
11523.0171935663,,43.8819817994884
11524.0464344942,,,44.8044078900607
11566.6666666667,,,,,70.4998261746938
11601.9417475728,44.2729045701384
11627.4509803922,,,,43.60364239314
11636.3636363636,,,44.8660629474481
11681.2015503876,,43.9707306373768
11686.0465116279,44.3210305256741
11712.3397435898,,,,,70.5321752462144
11730.9523809524,,43.9984028033908
11735.4740061162,,,,43.6662804619444
11763.1172839506,44.3648376427555
11788.3545960092,,,44.94858015403
11826.8398268398,44.4008479594345
11867.5352877307,,,,,70.5661769471887
11884.8039215686,,44.0832638375651
11901.121304791,,,,43.7612596886377
11918.8888888889,,,45.0186253512973
11946.4544138929,44.4679382611105
11971.4452214452,,44.130586044141
11982.3008849557,,,,43.8073415186553
12040.9090909091,44.5204578082749
12041.6666666667,,,45.0838295182178
12076.5306122449,,,,,70.6112343606938
12090.2090209021,,44.1949166626397
12137.9310344828,,,45.1345014521032
12138.3709519136,,,,43.8950941110898
12169.3121693122,44.5912160715908
12205.6737588653,,,,,70.6386685003639
12236.7886178862,,,,43.9498720092746
12263.639563534,,,45.2000855571848
12283.2080200501,44.6533759664426
12299.4252873563,,44.3067666654033
12336.231884058,,,,,70.6660947629701
12363.9960435213,,,,44.0200462862054
12399.4490358127,,,45.2702066942472
12402.1739130435,,,,,70.6798313983424
12458.6776859504,,,,44.071825871225
12468.720821662,44.7534330551636
12502.9387069689,,44.4138111530573
12511.6772823779,,,45.3275892014502
12541.0199556541,,,,,70.7085055651469
12593.094944513,,,,44.1446860115647
12600.7751937985,,,45.372788537775
12629.3785310734,44.8389225438209
12638.8888888889,,44.4843805975676
12674.9311294766,,,,,70.7358461121513
12686.6096866097,,,,44.1949325861818
12725.3433208489,,44.5288753228336
12758.7904360056,,,45.452187604573
12783.114992722,44.9197449382629
12802.0833333333,,,,44.2564855384145
12807.1625344352,,,,,70.7625472614844
12833.9100346021,,44.5843364298646
12840.1278976818,,,45.4926842322054
12886.3287250384,,,,,70.7783947031437
12897.6525821596,,,45.5211738603786
12919.3121693122,,,,44.3184265644895
12919.384057971,44.9905979236545
13002.2075055188,,44.6694164165063
13003.95256917,45.0342045299001
13034.5842531273,,,45.5884941222531
13048.8758553275,,,,44.3862547852218
13087.0588235294,,44.7119066392531
13100.27100271,,,,,70.8207145589113
13106.7323481117,45.0868315053216
13163.0591630592,,,,,70.8329967897464
13183.970856102,,,45.6611538055777
13222.2222222222,,,,44.4759901028579
13237.9725085911,45.1534502477035
13264.0264026403,,44.7996699782393
13282.5670498084,,,45.7086700792547
13304.0935672515,,,,,70.8603618699211
13376.8115942029,,,,44.5550585742097
13422.7642276423,45.2461699251006
13434.0425531915,,44.8829198994689
13494.8842218632,,,,,70.8968995138756
13498.5656913368,,,,44.6167111915805
13511.1111111111,,,45.8174985023168
13520.6270627063,45.2947703633539
13590.4027420737,,44.9585830997824
13644.3089430894,45.3557048822092
13646.8797564688,,,,44.6910880480509
13712.1212121212,,,,,70.9378459162036
13717.4211248285,,,45.9142035454755
13742.816091954,,,,44.7387816236995
13750,,45.034943890071
13838.5416666667,,,45.9703160056872
13852.6315789474,45.4571322442618
13893.1240657698,,45.1026924387221
13929.3873312565,,,,44.8306145252873
13933.6219336219,,,,,70.9788992070481
13984.496124031,,,46.0372979504454
14026.5486725664,,45.1652401541316
14053.4188034188,45.553492374632
14069.6517412935,,,,,71.0037722557099
14128.2051282051,,,,44.9271693199011
14147.67331434,,,46.1113777347871
14165.1031894934,,,,,71.0210749466463
14193.0294906166,45.6197044812558
14265.0980392157,,,46.1641703804005
14267.4074074074,,45.2766975183177
14292.5724637681,,,,45.0060013071033
14304.2973286876,,,,,71.0460882957579
14372.3723723724,,45.3246972498248
14375.521557719,45.7053011711825
14382.7160493827,,,,45.0488614324202
14436.7816091954,,,,,71.0696590917517
14458.4681769148,,,46.2501856148013
14535.5648535565,45.7794993097181
14561.316872428,,45.4102448656596
14563.8297872341,,,,,71.0920498814457
14567.8642714571,,,,45.1360793692592
14609.6654275093,,,46.3166591081443
14677.565849228,,,,,71.1119208605494
14694.9891067538,,45.4701154074591
14728.3064033513,,,46.3683484441809
14729.8850574713,45.8685228824647
14771.2152070604,,,,45.2306375790008
14801.0335917313,,45.5172348255877
14851.7361111111,,,,45.2677299429065
14869.5355191257,,,46.4293488693727
14917.7489177489,45.9535036568954
14935.7638888889,,,,45.3062295057004
14973.2510288066,,45.5930594653003
14981.0945273632,,,,,71.1641674824862
14992.4242424242,,,46.4819666400279
15048.3870967742,46.0119834097634
15061.6352201258,,,,45.3635078267278
15141.2556053812,,,46.545128240227
15193.0455635492,,,,,71.1999943060419
15201.1019283747,,,,45.4264305542749
15267.094017094,46.1087837566533
15292.902066487,,45.7315657047517
15322.1422861711,,,,45.4805854557221
15346.7561521253,,,46.6313441944376
15382.8828828829,46.159484082378
15481.4148681055,,,,,71.2479024483324
15553.0303030303,,,,45.5827403937594
15592.3076923077,,,46.7328876653909
15596.6595593461,,45.8605876337862
15602.7253668763,,,,,71.2677762544044
15660.9686609687,,,,45.6299905700225
15690.5417814509,46.2924036523803
15731.1827956989,,45.9169434560736
15758.1967213115,,,46.8006021206611
15817.4603174603,,,,45.6979336144145
15841.9117647059,,,46.8345081603879
15912.8205128205,,45.9922933387765
15924.8366013072,46.3919253154548
15981.3953488372,,,,,71.3287814783416
15981.4271749756,,,,45.7684216633533
16101.2891344383,,46.0695921448317
16144.3187937534,46.483861110741
16205.533596838,,,,45.8636291896009
16225.2747252747,,,,,71.367270890353
16231.2599681021,,,46.9899192094065
16284.5215157354,,46.1438985778041
16356.7937438905,,,47.0392453719999
16399.0929705215,,,,,71.3943331147137
16401.6064257028,46.5900841924917
16467.3311184939,,46.2172217868373
16500.347947112,,,,45.9869346157267
16649.450023912,,,47.1528064746637
16664.4245142003,46.696915041605
16667.5508399646,,,,,71.4355420105392
16690.170940171,,46.3055293778579
16761.2612612613,,,,46.0942770928697
16804.932735426,,,,,71.4563608527613
16811.5330520394,46.7559919959777
16823.195458232,,,47.2192991152465
16837.8378378378,,46.3634126803802
16952.380952381,,,47.268301306128
16971.9626168224,,,,46.1797752479929
16985.6373429084,46.8252573346796
16994.3977591037,,,,,71.4847801329248
17072.8291316527,,46.4545071099835
17102.5641025641,,,,46.2322504837453
17112.2112211221,,,47.3284205193523
17175.6210283073,46.9000483856633
17224.6376811594,,,,,71.5188696479142
17230.1587301587,,46.5148109479082
17234.6109175378,,,,46.2849090099694
17234.8484848485,,,47.3741754987465
17320.0531208499,46.9563648438041
17356.1151079137,,,47.4191043711248
17403.7940379404,,46.580740450686
17440.3100775194,,,,46.366156882455
17455.0653594771,,,47.4555362067136
17495.5357142857,,,,,71.5583695943655
17513.1313131313,47.0309319932787
17591.6666666667,,46.6513523018702
17660,47.0871132653541
17668.0555555556,,,,46.4550243877162
17755.4644808743,,,,46.4888339089914
17773.6434108527,,46.7190454516897
17796.8992248062,,,,,71.6015615517156
17821.9254312743,,,47.5888516831589
17857.6779026217,47.1620086955868
17948.905109489,,,,46.5630794928156
17963.09314587,,46.7887986796785
17988.2629107981,,,47.648407534491
18027.417027417,47.2256702143773
18158.6608442503,,,47.70885570003
18193.2367149759,,,,46.6557437774837
18238.0952380952,,,,,71.6634240129743
18274.2200328407,,,47.7495318466974
18326.7716535433,47.3365190444722
18341.4634146341,,,,46.7113662297191
18343.4065934066,,46.9266686833038
18468.3195592287,,46.9713389381573
18530.6122448979,,,,46.7817072893263
18553.5353535353,,,47.846808540157
18565.7078398195,,,,,71.7083485074221
18573.9348370927,47.4267049977979
18706.7938021454,,,,46.8465945213249
18743.5897435898,,47.0687380846303
18766.6666666667,,,,,71.7354938122178
18770.7182320442,,,47.9214508330934
18787.8787878788,47.5038193525941
18915.4704944179,,47.1288432246188
18928.0626780627,47.5538791468893
18977.2727272727,,,47.9916518152716
19001.6064257028,,,,46.9538417415984
19143.8848920863,47.6302386797206
19175.9069130732,,,,,71.789838589173
19239.0158172232,,,48.0795311240401
19245.0980392157,,,,47.0411929002599
19322.6837060703,,,,,71.8090323797377
19362.8117913832,,47.2827873413981
19396.7136150235,47.7186177853547
19510.4463437797,,,,47.1351556092281
19522.2222222222,,,48.1732931342058
19675.3812636165,,,48.223440159703
19737.0272647318,,47.4088974344592
19758.547008547,47.8431410245166
19775,,,,47.2275930679861
19903.9451114923,,,,47.2722071789475
19930,47.9013609163404
19939.4714407502,,,,,71.8880425988348
19966.3742690059,,,48.3176598247191
20104.9019607843,,47.5305926824251
20192.7497789567,47.9896282375369
20225.8953168044,,,48.4005479106159
20230.7692307692,,,,47.384022986899
20315.233785822,,,,,71.9349243106106
20448.7847222222,48.0745536324041
20475.1773049645,,,48.4791784871286
20499.446290144,,,,47.4746196807668
20511.7157974301,,47.6626362246889
20562.7597672486,,,,,71.9653098058416
20888.1506090808,,,48.607374942854
20919.8879551821,48.2281018891067
20951.2910798122,,,,47.624371212621
20958.041958042,,,,,72.0130423858703
20988.2697947214,,47.8140651980779
21170.6666666667,,,48.6936330928649
21265.8486707567,,,,47.7267527011074
21297.8142076503,48.34882508991
21310.4575163399,,47.9145296423348
21471.0743801653,,,,,72.0735971676324
21478.3653846154,,,,47.7950792152454
21563.9269406393,,,48.8118191745604
21615.5419222904,,,,,72.0903739258712
21672.619047619,,48.0256808194879
21730.1587301588,48.484354555229
21862.2222222222,,48.083141240116
21865.7074340528,,,,47.917913379949
21889.9470899471,,,48.9081848228832
22013.8888888889,,,,47.9643368551661
22107.7625570776,,,,,72.1466592278673
22159.2920353982,48.6162581055447
22191.011235955,,,48.9959147860319
22346.7261904762,,,,48.0674941249766
22349.2063492064,,,,,72.1737868246665
22475.1908396947,,48.2655859340077
22512.1951219512,,,49.0882116824123
22550.9259259259,48.7344412439057
22613.5416666667,,,,48.1490972578463
22678.5714285714,,,,,72.2102983872658
22696.2365591398,,48.3301712293139
22777.7777777778,,,49.163546181096
22897.6525821596,,,,48.2349489405587
23003.367003367,,,,,72.2457595184214
23096.8992248062,,,49.2529189184996
23097.8978978979,48.8961330680652
23234.3292325718,,,,48.3353293806567
23318.5840707965,,48.5087141316098
23339.4777265745,,,,,72.2819039967822
23470.1298701299,,,49.3558977508502
23570.272259014,,,,,72.3064063462575
23631.4465408805,49.050230614783
23733.8044758539,,48.6252250805052
23890.9657320872,,,49.4700715602944
23928.1345565749,,,,48.5377192792582
23956.5217391304,,,,,72.3468514958907
23999.1645781119,,48.6986301356734
24149.1228070175,,,,48.6009631726015
24252.688172043,49.2253522214345
24259.2592592592,,48.7698005651496
24392.4191750279,,,,,72.3916767661255
24476.9012082445,,,49.6257406407766
24512.8205128205,,,,48.7038086635385
24598.3175604627,49.3208577545758
24770.4335465529,,48.9074918537057
24823.8851095994,,,,,72.4352211826844
24828.8431061807,,,,48.791949980592
24872.6368159204,,,49.7287880821081
25046.130952381,49.4426298017718
25109.0342679128,,,,,72.4635626953363
25204.6204620462,,,49.8139798140652
25232.3943661972,,49.0295181371857
25304.5267489712,,,,48.9225427096606
25354.1666666667,49.5251391329984
25497.5490196078,,,,,72.5016357225349
25650.641025641,,,49.9266868777249
25724.5547073791,,,,49.0358429464396
25748.3333333333,,49.1632024758391
25755,49.6310203464557
26057.546145494,,,50.0278137750871
26059.5238095238,,49.2425513818094
26166.6666666667,,,,,72.5657926995747
26167.7559912854,49.7383459704945
26206.6115702479,,,,49.1636289892883
26468.4343434343,,,50.1283404381278
26474.0740740741,,49.3468018508195
26502.0576131688,49.8240399229129
26768.3881064163,,,,,72.6220249227684
26833.3333333333,,,,49.3263090422336
26836.9369369369,,49.4367274750011
26864.0350877193,,,50.2236621807838
26914.6005509642,49.9283135114341
27074.0740740741,,,,,72.6500827129345
27187.5792141952,,,,49.4165954076159
27299.0397805212,,,50.3268695636517
27352.9411764706,50.0373713432915
27569.1823899371,,49.6145599812066
27618.3395291202,,,,49.5248160564508
27728.8317256163,,,,,72.7090708403221
27771.3498622589,,,50.4370788795168
27861.7283950617,50.1617850198969
27925.0936329588,,49.6993011521072
28279.6420581656,,,,49.6877227057997
28313.2183908046,,49.7904917531255
28461.3333333333,50.3055197220944
28527.5862068966,,,50.6096863442665
28573.5567970205,,,,49.7589093897797
28652.91005291,,49.8692840483846
28856.7375886525,,,,,72.8073156035055
28940.0230680507,50.418108515531
28967.2006102212,,,,49.8531134827038
29006.734006734,,49.9503679721504
29081.8713450293,,,50.7333090954318
29298.1981981982,,,,49.931340807393
29332.1799307959,,50.0240803521867
29403.5087719298,,,50.8039644429957
29428.2560706402,,,,,72.8555592543753
29517.1957671958,50.5514043954635
29596.9696969697,,,,50.001196976522
29873.4793187348,50.6323881344702
29890.4290429043,,50.1486371365278
29966.6666666667,,,50.925826583113
30069.0690690691,50.6764349042425
30216.5506573859,,,,50.1438414112231
30301.3698630137,,,,,72.9273819549435
30491.9678714859,50.7706965867322
30512.0218579235,,,,50.210839403649
30556.4853556486,,50.2942370455643
30637.9690949227,,,51.0681188354336
30810.3975535168,,50.3489071005102
30871.2250712251,50.8541209127455
30908.4362139918,,,,50.2997129939417
30915.3153153153,,,51.1259935549882
31114.7455867082,,,,,72.9923491671944
31349.0566037736,,,51.2154649095441
31352.8591352859,50.9585930622622
31450.8771929824,,50.4848284638185
31632.9588014981,,,,50.4592348583075
31698.175787728,,,,,73.0378535337899
31746.0317460317,,,51.2962671561439
32076.8398268398,,,,50.5551670479515
32153.7953795379,51.1288042527432
32270.5882352941,,,51.4014916891164
32384.9637681159,,50.6781631591605
32598.4251968504,,,,50.6662055098508
32621.00456621,,,,,73.1080512366511
32862.7450980392,51.2759451236998
32902.7431421446,,,51.526034520126
32917.96875,,50.7859908952624
33196.7334818114,,,,50.7914020560258
33232.905982906,,,51.5901257063266
33411.1111111111,,50.8842042562168
33534.4202898551,51.4124305820858
33912.3979213066,,,51.720032311984
33942.7178549665,,,,50.9443629506172
34043.4782608696,,,,,73.2122439137999
34183.698296837,51.54177144362
34394.4954128441,,51.0757781194527
34541.6666666667,,,51.8380162570112
34676.8642447419,51.6383690647405
34776,,,,,73.2641174537899
34961.937716263,,,,51.1479743195218
35282.7586206896,,,51.974215049246
35312.3809523809,,51.249685569902
35476.8392370572,,,,,73.312676626792
35657.8560939794,51.826464241345
36140,,51.40263320621
36168.4981684982,,,,51.38142672065
36476.3552479815,,,52.1876134379558
36500,,,,,73.3817759106524
36583.8383838384,,,,51.4599778982972
36812.3620309051,52.0412465867699
37234.9726775956,,,,51.5813320084521
37249.1525423729,,51.6021663943412
37479.6747967479,,,52.3616002306032
37619.6868008949,52.1874319187277
37636.3636363637,,,,,73.4561578052537
38080.2792321117,,,52.4635104340871
38100.7268951194,,,,,73.4858716316547
38278.8259958072,,,,51.7714808233447
38538.7205387205,52.3500299521416
38837.5,,51.8777087312479
39132.2160148976,,,52.6381412114395
39180.5555555556,,,,51.9315719993788
39329.1215403129,52.4867596474891
39642.2101449275,,,,52.0120980134282
40015.3846153846,,52.0747936734564
40029.3921175685,,,52.7833614349495
40711.5716753022,,,,,73.6461047913432
40834.9328214971,,52.2084918290644
40855.9139784947,52.7431636215582
40969.696969697,,,,52.2384717188567
40982.3468328141,,,52.9340381506896
41879.7250859106,52.9097099358527
42024.7422680412,,52.3978380213292
42041.9664268585,,,,,73.7236191791041
42147.0985155196,,,53.113445119946
42207.4468085106,,,,52.4429509945344
43279.8165137615,53.1308920313266
43365.005192108,,,,52.6287563296598
43513.5658914729,,,53.3176086986677
43598.4156002438,,,,,73.8110727436009
43624.1610738255,,52.6439881969716
44616.7979002625,,52.7921950785446
44701.6742770167,,,,52.8371513593126
44800.5464480874,53.3630352940555
44907.9283887468,,,53.5193257201139
45921.568627451,,,,,73.9356370008591
45947.4885844749,,52.9857098444394
46062.5,,,53.6815851206153
46088.5780885781,,,,53.0467921997117
46397.2868217054,53.5983015796117
47131.1580294305,53.7036769567228
47359.2592592593,,,53.8589576748703
47677.8523489932,,,,53.2792759334341
48103.1543052004,,,,,74.0466760605289
48132.5757575757,,53.2914474168686
48845.8434221146,53.9435003310304
48970.9355131699,,,,53.462684124005
49912.8205128205,,,54.1941967172151
50497.4358974359,,,,,74.1625579065061
50733.3333333333,,,,53.7048647975663
50760.8695652174,54.2013841030759
50905.291005291,,,54.3197873868001
51191.9879062737,,53.6965881047693
51938.8379204893,,,54.4479430270153
53073.544973545,,,,54.0135018141971
53704.260651629,54.5789600862543
53830.7952622673,,54.026677234015
54593.8461538462,,,54.7655522716311
54896.2703962704,,,,,74.3610232417469
55695.0354609929,,,,54.343130998118
55804.6783625731,,54.2629628442383
56855.1282051282,,,55.0238254873339
57211.2403100775,55.0020708498128
57741.116751269,,,,54.5895533711916
58850.2968617473,,,,,74.5255259581509
59482.1428571429,,,55.3109542916977
59714.5299145299,,,,54.8188853227003
59920.2898550724,,54.7292750292313
60009.3567251462,55.3209792490309
62432.6797385621,,,,,74.6647429758723
62446.4285714285,,,,55.1238364626728
63087.7192982456,,,55.6845102484575
65376.9230769231,,55.2992802486912
65624.4444444445,55.9171767541414
67489.8218829516,,,56.1118681300341
67557.0469798658,,,,,74.8498026596435
67832.298136646,,,,55.6867755545315
68107.6604554865,,55.5664368490312
70681.9338422392,56.4107362527855
71869.1314553991,,,56.5093905142904
72617.3065204144,,,,56.1495201804934
72624.5614035087,,,,,75.0186990184849
73876.5676567656,,56.0962905998655
74372.6525821596,56.7483819918182
76464.5161290323,,,,56.4992663281579
76670.3296703297,,,,,75.1447891041344
77060.1851851852,,,56.949371078838
78133.8854382333,57.0750638779562
79050,,,,,75.2156935710808
79218.0451127819,,56.5501154140204
81355.2311435523,,,57.2908011900211
82403.8929440389,,,,57.0049169180251
84291.6666666667,57.5761658453981
84822.9166666667,,56.993473556103
88496.6442953021,,,57.8190752273935
89057.6923076923,,,,,75.4909167029424
89183.5016835018,,,,57.5377599101727
91863.3686690224,58.1424987140564
93258.1227436822,,57.6064661066415
93654.45026178,,,58.1737406876574
96821.2560386474,,,,,75.6826599042593
97443.4523809524,,,,58.1326342225883
98480.2631578947,,57.9577113041985
100281.124497992,58.7175318511261
100776,,,58.6313382806264
102428.382838284,,,,58.4666778225476
104960.233918129,,,58.8847080142405
107636.650868878,,58.5291089110541
108979.524979525,59.2609121294443
109082.75862069,,,,,75.9544380560827
110920.063948841,,,59.227923288596
112566.08478803,,,,59.0964192071964
117336.492890995,59.7416746166231
120246.666666667,,,,,76.1749777027583
121015.267175573,,,,59.5773573753425
127783.995186522,,59.6252772424136
127961.376994123,,,60.1118457873505
131923.694779116,,,,,76.3834504735946
134827.927927928,,,,60.2921258430067
134928.735632184,60.6455199877402
135348.659003831,,59.9906253332057
141636.01532567,,,,,76.5423866990787
145092.65944645,,,,60.7748838931049
145958.937198068,,,60.9199727506075
155418.674698795,61.5528395708367
155916.666666667,,,,61.2462356755998
156033.333333333,,60.8892104527036
158833.962264151,,,61.4359781281894
169751.515151515,,,,,76.9441559098222
169861.635220126,,,61.8438985825165
170044.025157233,62.125910050383
170631.111111111,,61.4505817928545
181674.698795181,,,,62.2408293370466
189722.222222222,62.8191182284326
194392.98245614,,,,,77.2417356432359
199410.256410256,,62.4215842156573
200101.928374656,,,62.8324916047458
211365.384615385,,,,63.2154553825931
230116.465863454,64.0281573353983
232900.432900433,,,,,77.6342798942277
236259.615384616,,,63.8238818595432
239564.814814815,,63.551815533383
242813.636363636,,,,64.0991778770572
253907.894736842,,,,,77.8201451921433
264482.323232323,64.8891701449892
269780.885780886,,,64.6074496960262
276391.304347826,,64.4225711586323
280603.406326034,,,,65.010667607103
289866.180048662,,,,,78.1030485276179
311541.889483066,,,65.4486343621248
317045.226130653,,65.2493401327223
322444.444444444,66.0983155911431
327792.048929663,,,,65.9780521187748
349260.416666666,,,,,78.4967733849397
366144.736842105,66.8630677773058
373192.98245614,,,,66.7753250259483
374471.82425979,,,66.5099772653789
389240.650406504,,,,,78.723326933514
390225.806451613,,66.4831663877426
416628.691983122,,,67.1178967402038
420318.84057971,,,,,78.8828420824285
428183.333333334,,,,67.6097951615784
434034.591194968,,67.1067859951133
438380.487804878,67.9313530737914
470959.276018099,,,67.8093881960528
471188.824662814,,,,,79.1184601695631
473808.857808858,,,,68.2174341049334
486844.907407408,68.5450187410513
487626.506024096,,67.7823282997653
513169.724770643,,,,68.6920263902622
516782.738095238,,,68.328065239775
526940.988835726,,68.228169870514
536455.128205128,69.1072049375873
549841.085271318,,,,69.0993798097902
557156.25,,,68.7449632450992
562059.190031153,,,,,79.4783485820046
568021.097046413,,68.656655248242
592769.005847953,69.6796781043332
645033.078880408,,,,,79.7561396404045
649330.645161291,,,69.5840999350487
667905.109489051,,,,70.2313799976916
670701.612903226,70.3796819152919
729093.333333333,,70.0585805355925
757691.358024692,,,,70.9524797488721
764753.333333334,,,70.4666772498141
819064.425770308,71.4920994807725